file_name,year,degreeSeekingFirstYear_AAPI,degreeSeekingFirstYear_AIAN,degreeSeekingFirstYear_Black,degreeSeekingFirstYear_Latinx,degreeSeekingFirstYear_Unknown,degreeSeekingFirstYear_intl,degreeSeekingFirstYear_white,degreeSeekingFirstYear_Asian,degreeSeekingFirstYear_NHPI,degreeSeekingFirstYear_multi,degreeSeekingAll_AAPI,degreeSeekingAll_AIAN,degreeSeekingAll_Black,degreeSeekingAll_Latinx,degreeSeekingAll_Unknown,degreeSeekingAll_intl,degreeSeekingAll_white,degreeSeekingAll_Asian,degreeSeekingAll_NHPI,degreeSeekingAll_multi,allStudents_AAPI,allStudents_AIAN,allStudents_Black,allStudents_Latinx,allStudents_Unknown,allStudents_intl,allStudents_white,allStudents_Asian,allStudents_NHPI,allStudents_multi,forbes_ranking,school_name,public_private,Rigor of secondary school record,Class rank,Academic GPA,Standardized test scores,Application Essay,Recommendation(s),Interview,Extracurricular activities,Talent/ability,Character/personal qualities,First Generation,Alumni/ae relation,Geographical residence,State residency,Religious affiliation/commitment,Racial/ethnic status,Volunteer work,Work experience,Level of applicant’s interest
01_10_11,2010,0,1,96,104,32,140,651,237,1,50,0,14,388,398,168,542,2509,868,6,249,0,0,0,0,0,0,0,0,0,0,1,Princeton University,Private,4,4,4,4,4,4,2,3,4,4,2,2,2,1,1,2,2,2,2
02_10_11,2010,0,23,128,306,127,138,534,273,8,135,0,88,506,1079,548,493,2350,1223,19,581,0,0,0,0,0,0,0,0,0,0,2,Stanford University,Private,4,4,4,4,4,4,1,4,4,4,2,2,2,1,1,2,2,2,1
04_10_11,2010,0,3,90,124,22,150,657,212,1,84,0,23,316,483,456,520,2471,749,3,275,0,23,316,484,458,520,2480,751,3,275,4,Yale University,Private,4,4,4,4,4,4,2,4,4,4,2,2,2,2,1,2,2,2,1
07_10_11,2010,0,6,148,206,126,248,1159,411,2,64,0,45,730,649,858,1071,4556,1843,7,106,0,45,730,649,858,1071,4556,1843,7,106,7,University of Pennsylvania,Private,4,2,3,3,4,4,2,3,2,4,2,2,2,1,1,2,2,2,1
08_10_11,2010,0,8,99,144,176,160,739,252,0,92,0,31,457,542,812,675,2863,1057,4,200,0,31,457,542,812,675,2863,1057,4,200,8,Harvard University,Private,2,1,2,2,2,2,2,2,2,2,2,2,2,1,1,2,2,2,1
09_10_11,2010,0,4,57,101,53,107,416,211,0,0,0,13,244,399,244,330,1511,744,0,0,0,13,245,400,244,359,1522,746,0,0,9,Rice University,Private,4,4,4,4,4,4,2,4,4,4,2,2,2,2,1,2,2,2,2
10_10_11,2010,0,15,169,325,308,258,1466,485,0,153,0,52,735,1162,1663,1208,6426,2241,11,387,0,52,735,1163,1667,1249,6428,2243,11,387,10,Cornell University,Private,4,3,4,4,4,4,2,4,4,2,2,2,2,2,1,2,2,2,1
11_10_11,2010,0,3,115,174,28,134,1193,411,1,69,0,13,424,615,334,477,4754,1710,4,167,0,0,0,0,0,0,0,0,0,0,11,Northwestern University,Private,4,4,4,3,4,4,2,3,3,3,2,2,1,1,1,2,2,2,2
16_10_11,2010,0,20,74,96,119,82,522,156,0,67,0,135,330,346,253,302,2082,605,8,74,0,135,331,348,320,326,2099,607,8,74,16,Dartmouth College,Private,4,4,4,4,4,4,2,4,3,4,2,2,2,1,1,2,3,2,2
17_10_11,2010,0,2,44,54,0,37,324,60,0,27,0,6,150,205,0,142,1200,212,0,79,0,0,0,0,0,0,0,0,0,0,17,Williams College,Private,4,3,4,4,4,4,1,3,3,2,2,2,2,1,1,2,2,2,1
18_10_11,2010,0,7,105,150,152,153,666,180,1,85,0,26,361,563,671,586,2801,889,8,197,0,28,368,578,698,617,2899,922,8,200,18,Brown University,Private,4,3,3,3,3,3,2,3,4,4,2,2,2,2,1,2,2,2,4
21_10_11,2010,0,22,59,586,357,212,724,1987,0,0,0,116,410,3176,2269,1750,5636,10306,0,0,0,116,410,3176,2269,1750,5636,10306,0,0,21,UCSD,Public,4,1,4,4,4,1,1,3,3,3,2,1,2,3,1,1,3,2,1
22_10_11,2010,0,0,4,11,4,22,73,93,0,11,0,0,10,58,19,116,358,377,10,10,0,0,10,58,19,116,358,377,10,10,22,California Institute of Technology,Private,4,3,3,3,3,3,1,3,2,3,2,2,1,1,1,2,2,2,1
23_10_11,2010,0,0,48,58,8,69,278,138,0,34,0,5,144,208,35,236,1045,514,1,103,0,5,144,210,86,259,1082,521,1,103,23,Wellesley College,Private,4,3,4,4,4,4,2,3,3,4,2,2,2,2,1,2,2,2,2
24_10_11,2010,0,0,61,57,33,44,206,53,0,36,0,2,203,198,229,163,694,183,0,122,0,2,203,198,229,163,694,183,0,122,24,Amherst College,Private,4,3,4,4,4,4,1,4,4,4,4,3,2,2,1,NA,3,2,1
25_10_11,2010,0,1,23,65,8,19,320,37,0,34,0,2,89,211,9,60,1141,128,3,108,0,2,89,211,9,64,1148,128,3,108,25,Bowdoin College,Private,4,4,4,3,4,4,2,4,4,4,3,3,2,2,1,2,1,1,1
26_10_11,2010,0,11,565,1062,149,50,3718,592,13,223,0,124,3034,5344,1109,297,18857,2682,43,553,0,0,0,0,0,0,0,0,0,0,26,University of Florida,Public,4,2,4,3,4,1,1,4,4,4,3,2,3,2,1,1,4,3,2
27_10_11,2010,0,1,22,49,13,37,183,57,0,26,0,6,97,175,140,110,679,216,0,86,0,6,97,175,145,111,687,217,0,86,27,Swarthmore College,Private,4,4,4,3,4,4,2,3,2,4,2,2,2,1,1,2,2,2,2
29_10_11,2010,0,11,283,275,55,264,4506,876,0,211,0,48,1208,1161,925,1578,17886,3111,6,907,0,49,1214,1167,940,1644,17970,3125,6,912,29,UMich - Ann Arbor,Public,4,2,3,3,3,3,1,2,2,3,3,2,2,2,1,1,2,2,3
31_10_11,2010,0,19,354,277,14,73,2771,332,2,118,0,114,1609,1942,498,392,11867,1054,166,301,0,120,1700,1983,552,409,12252,1074,177,312,31,UNC,Public,4,4,4,4,4,4,1,4,4,4,3,3,1,4,1,3,3,3,1
38_10_11,2010,0,6,146,167,13,219,1628,443,3,87,0,21,793,710,78,885,8119,2208,12,334,0,21,855,740,86,972,8389,2334,12,341,38,Georgia Tech,Public,4,1,4,3,3,1,1,4,3,3,1,2,3,3,1,2,3,3,1
40_10_11,2010,0,6,359,508,54,907,3945,980,26,144,0,44,1777,2134,226,3184,18704,4041,55,556,0,46,1800,2163,266,3508,19021,4119,56,561,40,UIUC,Public,4,3,4,3,3,1,1,3,3,2,2,1,2,2,1,2,2,2,1
41_10_11,2010,0,7,508,297,189,75,2171,561,0,121,0,45,3084,1894,772,588,15148,3959,37,667,0,46,3192,1927,858,632,15427,4012,37,745,41,UMD,Public,4,3,4,4,3,3,1,2,3,2,3,2,2,3,1,2,2,2,1
44_10_11,2010,0,102,167,360,160,564,2527,1582,34,1,0,397,950,1695,1234,2024,13526,7628,192,1,0,403,966,1724,2281,2031,13955,7747,194,1,44,University of Washington,Public,4,1,4,3,4,1,1,3,3,1,3,1,1,2,1,1,3,3,1
46_10_11,2010,0,15,333,1680,10,282,3462,1260,4,229,0,149,1778,7362,135,1712,19391,6770,10,382,0,153,1800,7462,146,1724,19877,6858,11,389,46,UT Austin,Public,4,4,1,3,3,2,1,3,3,2,2,1,1,2,1,2,3,3,1
50_10_11,2010,0,17,120,226,14,372,4681,344,9,144,0,115,702,1134,643,1673,22591,1576,26,437,0,119,754,1176,816,1918,23632,1659,27,454,50,U-Wisconsin,Public,4,4,4,3,3,2,1,2,2,2,2,2,1,3,1,2,2,2,2
55_10_11,2010,0,4,92,117,126,43,868,82,0,66,0,37,406,445,995,160,3251,426,8,134,0,37,407,447,1000,163,3272,429,8,135,55,William & Mary,Public,4,4,4,4,4,4,2,4,4,4,2,2,2,4,1,2,4,4,1
57_10_11,2010,0,14,18,432,171,33,2250,348,8,250,0,93,128,2099,1161,151,11187,1805,23,628,0,93,128,2101,1165,191,11198,1805,23,628,57,"Cal Poly State, San Luis Obispo",Public,4,1,4,4,1,1,1,2,2,1,2,1,2,1,1,1,2,2,1
62_10_11,2010,0,4,343,200,168,29,3352,426,7,150,0,45,1780,917,656,179,19900,1897,14,321,0,0,0,0,0,0,0,0,0,0,62,University of Georgia,Public,4,1,4,3,2,2,1,2,2,2,2,1,1,1,1,1,2,2,1
65_10_11,2010,0,68,570,947,109,12,4043,178,0,0,0,295,3233,4255,435,132,21409,1071,0,0,0,301,3304,4294,446,307,21679,1087,0,0,65,Florida State University,Public,4,2,4,3,2,2,1,2,3,2,2,2,2,3,1,1,2,2,1
68_10_11,2010,0,21,394,176,93,46,3604,243,7,121,0,113,1943,771,775,335,18007,1222,12,322,0,122,2068,838,854,476,19217,1326,14,331,68,NC State,Public,4,4,4,4,2,2,1,2,2,2,2,2,2,2,1,2,2,2,1
75_10_11,2010,0,16,191,140,30,245,4082,461,5,153,0,176,1391,811,541,1868,22463,2654,42,573,0,194,1497,880,1348,2097,24052,2900,42,597,75,"University of Minnesota, Twin Cities",Public,4,4,4,4,1,1,1,2,2,2,2,2,2,1,1,2,2,2,1
01_11_12,2011,0,2,98,92,21,140,641,243,0,61,0,14,380,436,134,544,2535,915,3,199,0,0,0,0,0,0,0,0,0,0,1,Princeton University,Private,4,4,4,4,4,4,2,3,4,4,2,2,2,1,1,2,2,2,2
02_11_12,2011,0,16,111,291,6,142,585,354,5,194,0,63,507,1150,65,526,2525,1257,32,802,0,0,0,0,0,0,0,0,0,0,2,Stanford University,Private,4,4,4,4,4,4,1,4,4,4,2,2,2,1,1,2,2,2,1
04_11_12,2011,0,11,90,150,47,137,613,219,2,80,0,27,336,521,277,541,2525,813,4,298,0,27,336,521,277,543,2530,813,4,298,4,Yale University,Private,4,4,4,4,4,4,2,4,4,4,2,2,2,2,1,2,2,2,1
07_11_12,2011,0,2,180,272,127,282,1046,424,1,75,0,32,717,798,622,1077,4483,1839,7,204,0,32,717,798,622,1077,4483,1839,7,204,7,University of Pennsylvania,Private,4,3,4,4,4,4,2,3,3,4,2,2,2,2,1,2,2,2,2
08_11_12,2011,0,3,116,169,51,193,740,286,1,98,0,21,453,605,390,726,2966,1183,2,311,0,21,453,605,390,726,2966,1183,2,311,8,Harvard University,Private,2,1,2,2,2,2,2,2,2,2,2,2,2,1,1,2,2,2,1
09_11_12,2011,0,1,68,184,9,100,396,187,0,53,0,10,256,501,52,360,1566,759,3,201,0,10,256,503,53,392,1574,763,3,201,9,Rice University,Private,4,4,4,4,4,4,2,4,4,4,2,2,2,2,1,2,2,2,2
10_11_12,2011,0,7,208,379,319,320,1379,555,2,138,0,41,788,1336,1385,1281,6438,2323,11,505,0,41,789,1337,1396,1316,6447,2325,11,505,10,Cornell University,Private,4,3,4,4,4,4,2,4,4,4,2,2,2,2,1,2,2,2,1
11_11_12,2011,0,2,151,221,78,154,1401,370,2,157,0,10,492,712,508,533,5213,1700,4,294,0,0,0,0,0,0,0,0,0,0,11,Northwestern University,Private,4,4,4,3,4,4,2,3,3,3,2,2,1,1,1,NA,2,2,2
16_11_12,2011,0,21,73,89,132,70,521,146,0,60,0,108,312,367,339,277,1982,583,6,132,0,108,312,367,395,294,1992,587,6,133,16,Dartmouth College,Private,4,4,4,4,4,4,2,4,3,4,2,2,2,1,1,2,3,1,1
17_11_12,2011,0,0,44,64,0,38,306,57,0,37,0,3,155,213,0,142,1179,214,0,104,0,0,0,0,0,0,0,0,0,0,17,Williams College,Private,4,3,4,4,4,4,1,3,4,3,3,3,2,1,1,3,2,2,1
18_11_12,2011,0,4,99,163,171,167,658,171,1,73,0,24,354,592,685,660,2741,827,6,229,0,25,367,605,711,694,2861,875,7,235,18,Brown University,Private,4,3,3,3,3,3,2,3,4,4,2,2,2,2,1,2,2,2,4
21_11_12,2011,0,5,60,695,180,492,609,1400,3,0,0,109,433,3475,2033,2188,5300,9465,43,0,0,109,433,3475,2033,2188,5300,9465,43,0,21,UCSD,Public,4,1,4,4,4,1,1,3,3,3,2,1,2,3,1,1,3,2,1
22_11_12,2011,0,1,3,30,0,27,72,90,0,21,0,3,12,81,5,118,343,379,6,31,0,3,12,81,5,118,343,379,6,31,22,California Institute of Technology,Private,4,3,3,3,3,3,1,3,2,3,2,2,1,1,1,2,2,2,1
23_11_12,2011,0,0,34,36,26,68,238,130,0,41,0,4,161,164,96,257,1011,526,0,153,0,4,161,164,199,266,1022,531,0,155,23,Wellesley College,Private,4,3,4,4,4,4,2,3,3,4,2,2,2,2,1,2,2,2,2
24_11_12,2011,0,0,57,63,28,36,201,50,0,26,0,0,208,204,193,174,709,196,0,107,0,0,208,204,193,174,709,196,0,107,24,Amherst College,Private,4,3,4,4,4,4,1,4,4,4,4,3,2,2,1,NA,3,2,1
25_11_12,2011,0,0,24,57,4,26,310,28,0,34,0,1,85,221,12,67,1154,122,1,109,0,1,85,221,12,72,1155,122,1,109,25,Bowdoin College,Private,4,4,4,3,4,4,2,4,4,4,3,3,2,2,1,2,1,1,1
27_11_12,2011,0,1,25,62,27,34,156,52,0,29,0,7,102,202,129,117,662,211,0,106,0,7,102,202,130,117,670,211,0,106,27,Swarthmore College,Private,4,4,4,3,4,4,2,3,2,4,2,2,2,2,2,2,2,2,2
28_11_12,2011,0,6,147,354,11,435,1105,712,4,157,0,32,787,2308,125,2007,7102,3928,31,770,0,32,794,2415,181,2137,7114,3940,31,770,28,University of Southern California,Private,4,2,4,4,4,4,2,3,3,2,2,2,1,1,1,2,2,2,1
29_11_12,2011,0,5,276,267,567,226,3884,811,5,195,0,42,1206,1119,1149,1589,17978,3225,11,907,0,42,1212,1123,1175,1655,18038,3239,11,912,29,UMich - Ann Arbor,Public,4,2,4,3,3,3,1,2,2,3,3,2,2,2,1,1,2,2,2
31_11_12,2011,0,24,361,253,26,89,2782,345,2,144,0,106,1594,1649,451,459,11752,1315,42,423,0,111,1704,1688,491,491,12103,1351,48,443,31,UNC,Public,4,4,4,4,4,4,1,4,4,4,3,3,1,4,1,3,3,3,1
38_11_12,2011,0,2,167,160,18,236,1577,445,2,88,0,21,849,769,80,994,7990,2239,13,345,0,21,913,803,84,1081,8295,2379,13,359,38,Georgia Tech,Public,4,1,4,3,3,1,1,4,3,3,1,2,3,3,1,2,3,3,1
40_11_12,2011,0,3,401,538,49,964,3992,1104,9,192,0,36,1754,2227,194,3811,18399,4250,54,625,0,39,1777,2250,233,4197,18727,4340,54,639,40,UIUC,Public,4,3,4,3,3,1,1,3,3,2,2,1,2,2,1,2,2,2,1
41_11_12,2011,0,5,574,359,126,111,2114,546,2,155,0,39,3150,1980,828,663,14737,3898,35,781,0,40,3253,2021,898,727,15011,3977,35,813,41,UMD,Public,4,3,4,4,3,3,1,2,3,2,3,2,2,3,1,2,2,2,1
46_11_12,2011,0,17,326,1503,21,295,3427,1309,9,241,0,118,1734,7588,152,1779,18923,6740,21,670,0,123,1758,7701,160,1796,19375,6823,21,680,46,UT Austin,Public,4,4,1,3,3,2,1,3,3,2,2,1,1,2,1,2,3,3,2
50_11_12,2011,0,13,120,313,7,255,4605,343,7,165,0,81,650,1252,416,1714,22455,1536,30,603,0,0,0,0,0,0,0,0,0,0,50,U-Wisconsin,Public,4,4,4,3,3,2,1,2,2,2,2,2,1,3,1,2,2,2,2
55_11_12,2011,0,2,97,151,102,80,880,99,2,72,0,30,421,495,815,198,3446,413,3,199,0,31,422,497,816,199,3486,417,4,199,55,William & Mary,Public,4,4,4,4,4,4,2,4,4,4,2,2,2,4,1,2,4,4,1
57_11_12,2011,0,8,29,596,176,39,2627,550,9,282,0,72,137,2302,1037,168,11120,1915,44,857,0,73,137,2305,1038,226,11130,1915,44,857,57,"Cal Poly State, San Luis Obispo",Public,4,1,4,4,1,1,1,2,2,1,2,1,2,1,1,1,2,2,1
62_11_12,2011,0,3,456,291,7,46,4023,479,3,174,0,42,1926,1122,497,203,19823,2034,17,513,0,0,0,0,0,0,0,0,0,0,62,University of Georgia,Public,4,1,4,3,2,2,1,2,2,2,2,1,1,1,1,1,2,2,1
65_11_12,2011,0,13,428,1060,82,26,4182,161,0,169,0,128,2952,4756,448,250,21549,894,0,617,0,130,3026,4793,464,477,21773,906,0,632,65,Florida State University,Public,4,2,4,3,2,2,1,2,3,2,2,2,2,3,1,1,2,2,1
68_11_12,2011,0,23,347,204,82,62,3598,224,0,157,0,117,1882,855,735,346,17889,1196,9,485,0,121,1988,905,843,561,18950,1294,10,504,68,NC State,Public,4,4,4,4,2,2,1,2,2,2,2,2,2,2,1,2,2,2,1
75_11_12,2011,0,11,156,151,0,310,4039,491,4,187,0,127,1281,845,395,2357,22237,2567,37,764,0,149,1413,951,1400,2622,24575,2859,40,803,75,"University of Minnesota, Twin Cities",Public,4,4,4,4,1,1,1,2,2,2,2,2,2,1,1,2,2,2,1
01_12_13,2012,0,0,101,101,20,151,613,302,0,69,0,9,391,394,125,555,2552,1010,3,216,0,0,0,0,0,0,0,0,0,0,1,Princeton University,Private,4,4,4,4,4,4,2,3,4,4,2,2,2,1,1,2,2,2,2
02_12_13,2012,0,11,92,271,6,129,708,338,5,202,0,69,440,1179,47,521,2635,1328,26,754,0,0,0,0,0,0,0,0,0,0,2,Stanford University,Private,4,4,4,4,4,4,2,4,4,4,2,2,2,1,1,2,2,2,1
04_12_13,2012,0,12,98,142,50,141,600,239,0,73,0,35,354,543,176,554,2547,868,4,316,0,35,354,543,177,555,2552,868,4,317,4,Yale University,Private,4,4,4,4,4,4,2,4,4,4,2,2,2,2,1,2,2,2,1
07_12_13,2012,0,3,178,248,103,280,1034,452,2,97,0,22,666,853,421,1086,4243,1807,6,270,0,22,666,853,421,1086,4243,1807,6,270,7,University of Pennsylvania,Private,4,3,4,4,4,4,2,3,3,4,2,2,2,2,1,2,2,2,2
08_12_13,2012,0,2,107,152,42,185,738,338,0,98,0,17,435,610,274,721,2969,1223,1,360,0,17,436,610,276,758,2974,1225,1,361,8,Harvard University,Private,2,1,2,2,2,2,2,2,2,2,2,2,2,1,1,2,2,2,1
09_12_13,2012,0,0,64,144,16,95,361,208,0,43,0,6,253,549,47,383,1564,813,2,193,0,7,253,549,49,410,1571,813,3,193,9,Rice University,Private,4,4,4,4,4,4,2,4,4,4,2,2,2,2,1,2,2,2,2
10_12_13,2012,0,11,182,390,296,296,1333,556,3,150,0,39,827,1492,1351,1308,6286,2299,12,572,0,40,828,1492,1362,1363,6293,2299,12,572,10,Cornell University,Private,4,3,4,4,4,4,2,4,4,4,2,2,2,2,1,2,2,2,1
11_12_13,2012,0,2,111,181,17,138,1114,357,0,117,0,9,451,692,144,542,4720,1568,2,359,0,0,0,0,0,0,0,0,0,0,11,Northwestern University,Private,4,4,4,3,4,4,2,3,3,3,2,2,1,1,1,NA,2,2,2
16_12_13,2012,0,19,75,82,96,99,509,163,1,54,0,99,294,331,356,310,1949,588,3,168,0,99,294,331,415,334,1960,589,3,168,16,Dartmouth College,Private,4,4,4,4,4,4,2,4,3,4,2,2,2,1,1,2,3,1,1
17_12_13,2012,0,3,37,78,0,31,309,58,0,31,0,6,155,233,0,129,1157,221,0,110,0,6,156,233,0,144,1177,224,0,112,17,Williams College,Private,4,4,4,4,4,4,1,3,4,3,3,3,2,1,1,3,2,2,1
18_12_13,2012,0,4,111,193,99,182,689,167,2,89,0,17,368,632,595,694,2787,744,5,291,0,17,377,653,623,754,2910,800,5,296,18,Brown University,Private,4,3,3,3,3,3,2,3,4,4,2,2,2,2,1,2,2,2,4
19_12_13,2012,0,0,12,31,13,47,130,36,1,21,0,1,38,112,160,152,565,143,2,81,0,1,38,112,160,162,565,143,2,81,19,Claremont McKenna College,Private,4,4,4,4,3,4,2,4,3,4,2,2,2,1,1,2,2,2,1
21_12_13,2012,0,22,129,887,465,1530,1454,2322,11,0,0,96,408,3447,1819,2990,4996,8884,36,0,0,96,408,3447,1819,2990,4996,8884,36,0,21,UCSD,Public,4,1,4,4,4,NA,1,3,3,3,2,1,2,3,1,1,3,2,1
22_12_13,2012,0,0,5,35,1,17,74,112,0,20,0,3,17,104,4,107,314,395,3,50,0,3,17,104,4,107,314,395,3,50,22,California Institute of Technology,Private,4,3,3,3,3,3,1,3,2,3,2,2,1,1,1,2,2,2,1
23_12_13,2012,0,0,22,62,54,71,237,100,0,39,0,1,136,225,80,281,1036,486,1,118,0,1,137,227,134,303,1058,500,1,120,23,Wellesley College,Private,4,3,4,4,4,4,2,3,3,4,2,2,2,2,1,2,2,2,2
24_12_13,2012,0,2,48,46,32,48,188,67,0,32,0,2,204,212,161,178,729,214,0,117,0,2,204,212,161,178,729,214,0,117,24,Amherst College,Private,4,3,4,4,4,4,1,4,4,4,4,3,2,2,1,NA,3,2,1
25_12_13,2012,0,1,23,66,1,22,313,40,1,25,0,2,86,235,11,73,1181,131,2,110,0,2,86,235,11,78,1184,131,2,110,25,Bowdoin College,Private,4,4,4,3,4,4,2,4,4,4,3,3,2,2,1,2,1,1,1
26_12_13,2012,0,6,420,1167,144,51,3725,565,9,203,0,94,2565,5884,850,292,18803,2506,181,848,0,94,2631,6002,871,437,19149,2551,184,857,26,University of Florida,Public,4,2,4,3,4,1,1,4,4,4,3,2,3,2,1,1,4,3,2
27_12_13,2012,0,0,21,50,20,33,172,57,0,25,0,4,93,205,109,126,665,215,0,115,0,4,93,206,114,126,675,217,0,117,27,Swarthmore College,Private,4,4,4,3,4,4,2,3,2,4,2,2,2,2,2,2,2,2,2
28_12_13,2012,0,1,128,373,112,308,1223,713,3,160,0,29,807,2428,420,2121,7210,4141,31,807,0,29,816,2522,500,2237,7213,4158,31,810,28,University of Southern California,Private,4,2,4,4,4,4,2,3,3,2,2,2,1,1,1,2,2,2,1
29_12_13,2012,0,14,271,227,492,256,3916,784,4,184,0,45,1228,1122,1413,1721,18000,3356,12,877,0,45,1228,1127,1440,1804,18061,3379,12,883,29,UMich - Ann Arbor,Public,4,1,4,3,3,3,1,2,2,3,3,2,2,2,1,1,2,2,2
31_12_13,2012,0,23,304,232,87,76,2626,390,1,176,0,99,1531,1506,398,466,11876,1476,6,560,0,104,1628,1539,422,490,12203,1525,9,583,31,UNC,Public,4,4,4,4,4,4,1,4,4,4,3,3,1,4,1,3,3,3,NA
38_12_13,2012,0,1,156,208,12,419,1593,537,1,117,0,17,888,873,73,1298,7950,2441,13,401,0,17,935,894,75,1375,8216,2590,13,412,38,Georgia Tech,Public,4,1,4,3,3,1,1,4,3,3,2,2,3,3,1,2,3,3,1
40_12_13,2012,0,4,412,624,33,914,3528,1203,11,192,0,29,1735,2366,153,4108,17633,4491,57,688,0,32,1760,2400,212,4504,17998,4613,57,705,40,UIUC,Public,4,2,4,3,3,1,1,3,3,2,2,1,2,2,1,2,2,2,1
41_12_13,2012,0,5,574,359,126,111,2114,546,2,155,0,39,3150,1980,828,663,14737,3898,35,781,0,40,3253,2021,898,727,15011,3977,35,813,41,UMD,Public,4,3,4,4,3,3,1,2,3,2,3,2,2,3,1,2,2,2,1
46_12_13,2012,0,21,359,1907,21,308,3682,1490,8,296,0,107,1742,8226,128,1849,19165,6978,33,987,0,112,1763,8344,139,1914,19598,7053,34,998,46,UT Austin,Public,4,4,1,3,3,2,1,3,3,2,2,1,1,2,1,2,3,3,2
50_12_13,2012,0,8,102,273,8,609,4774,327,10,168,0,68,614,1293,219,1984,22593,1591,39,717,0,0,0,0,0,0,0,0,0,0,50,U-Wisconsin,Public,4,4,4,3,3,2,1,2,2,2,2,2,1,3,1,2,2,2,2
55_12_13,2012,0,2,119,141,117,86,834,94,0,74,0,18,451,550,622,247,3590,386,4,261,0,19,451,551,622,249,3623,389,4,263,55,William & Mary,Public,4,4,4,4,4,4,2,4,4,4,2,2,2,4,1,2,4,4,1
57_12_13,2012,0,5,21,519,142,49,2257,439,12,257,0,52,123,2441,858,204,10906,1940,42,1033,0,52,123,2443,860,263,10919,1942,43,1035,57,"Cal Poly State, San Luis Obispo",Public,4,1,4,4,1,1,1,2,2,1,2,1,2,1,1,1,2,2,1
62_12_13,2012,0,3,335,246,4,70,3592,518,9,158,0,31,1893,1244,403,266,19366,2186,26,645,0,0,0,0,0,0,0,0,0,0,62,University of Georgia,Public,4,1,4,3,2,2,1,2,2,2,2,1,1,1,1,1,2,2,1
68_12_13,2012,0,21,320,190,69,119,3291,222,4,162,0,110,1793,960,608,467,17541,1200,12,600,0,117,1908,1032,716,618,18549,1263,12,618,68,NC State,Public,4,4,4,4,2,2,1,2,2,2,2,2,2,2,1,2,2,2,1
75_12_13,2012,0,13,149,162,20,285,4128,555,8,194,0,102,1155,852,281,2520,21959,2579,34,893,0,116,1289,954,1215,2935,24103,2876,35,946,75,"University of Minnesota, Twin Cities",Public,4,4,4,4,1,1,1,2,2,2,2,2,2,1,1,2,2,2,1
01_13_14,2013,0,1,105,124,22,152,562,271,1,46,0,4,400,424,98,569,2467,1051,3,218,0,0,0,0,0,0,0,0,0,0,1,Princeton University,Private,4,4,4,4,4,4,2,3,4,4,2,2,2,1,1,2,2,2,2
02_13_14,2013,0,21,97,272,10,164,593,325,5,187,0,63,440,1178,39,565,2584,1332,26,753,0,63,440,1178,39,565,2584,1332,26,753,2,Stanford University,Private,4,4,4,4,4,4,2,4,4,4,2,2,2,1,1,2,2,2,1
04_13_14,2013,0,3,94,139,29,135,658,220,0,80,0,31,365,549,121,570,2567,892,3,324,0,31,365,549,121,572,2573,892,3,324,4,Yale University,Private,4,4,4,4,4,4,2,4,4,4,2,2,2,2,1,2,2,2,1
07_13_14,2013,0,3,173,228,112,253,1048,451,2,83,0,14,698,962,345,1077,4418,1843,6,349,0,14,698,962,345,1077,4418,1843,6,349,7,University of Pennsylvania,Private,4,3,4,4,4,4,2,3,3,4,2,2,2,2,1,2,2,2,2
08_13_14,2013,0,6,116,167,48,185,715,306,4,110,0,15,443,630,216,717,2989,1253,5,403,0,15,443,630,216,717,2989,1253,5,403,8,Harvard University,Private,2,1,2,2,2,2,2,2,2,2,2,2,2,1,1,2,2,2,1
09_13_14,2013,0,0,54,162,12,135,358,212,0,43,0,6,252,590,55,449,1546,838,0,184,0,6,253,591,55,484,1551,840,0,185,9,Rice University,Private,4,4,4,4,4,4,2,4,4,4,2,2,2,2,1,2,2,2,2
10_13_14,2013,0,13,225,386,305,346,1253,543,0,152,0,43,840,1597,1415,1344,6107,2340,5,618,0,43,840,1597,1421,1418,6109,2342,5,618,10,Cornell University,Private,4,3,4,4,4,4,2,4,4,4,2,2,2,2,1,2,2,2,1
11_13_14,2013,0,0,122,254,19,181,1024,359,0,82,0,6,459,810,93,608,4601,1470,0,404,0,0,0,0,0,0,0,0,0,0,11,Northwestern University,Private,4,4,4,4,3,3,2,3,3,3,2,2,1,1,1,2,2,2,2
15_13_14,2013,0,10,139,136,118,97,857,168,3,85,0,26,545,538,265,393,4115,576,4,332,0,26,545,538,287,405,4122,576,4,332,15,Vanderbilt University,Private,4,4,4,4,4,3,2,4,3,4,2,2,2,2,1,2,2,2,1
16_13_14,2013,0,29,73,82,78,95,519,171,1,64,0,82,272,317,378,349,1946,581,2,227,0,82,272,317,465,380,1949,581,2,228,16,Dartmouth College,Private,4,4,4,4,4,4,2,4,3,4,2,2,2,1,1,2,3,1,1
17_13_14,2013,0,1,38,69,0,37,302,56,0,41,0,6,158,248,0,137,1155,216,0,125,0,6,158,248,0,147,1175,217,0,126,17,Williams College,Private,4,4,4,4,3,4,1,3,4,3,3,3,2,1,1,3,2,2,1
18_13_14,2013,0,8,117,194,121,175,620,221,2,84,0,24,397,670,595,721,2675,762,6,332,0,24,402,683,652,788,2766,797,7,336,18,Brown University,Private,4,4,4,4,4,4,2,3,4,4,2,2,2,2,1,2,2,2,1
19_13_14,2013,0,0,21,52,17,63,134,27,0,23,0,0,52,147,102,189,575,142,2,102,0,0,52,147,102,193,575,142,2,103,19,Claremont McKenna College,Private,4,4,4,4,3,4,2,4,3,4,2,2,2,1,1,2,2,2,1
21_13_14,2013,0,19,115,797,379,858,1047,1996,17,0,0,97,445,3599,808,4027,5018,9773,38,0,0,97,445,3599,808,4027,5018,9773,38,0,21,UCSD,Public,4,1,4,4,4,1,1,3,3,3,2,1,2,3,1,1,3,2,1
22_13_14,2013,0,0,4,25,0,22,67,119,0,11,0,3,17,98,2,87,297,415,0,58,0,0,0,0,0,0,0,0,0,0,22,California Institute of Technology,Private,4,3,3,3,3,3,1,3,2,3,2,2,1,1,1,2,2,2,1
23_13_14,2013,0,0,39,61,5,59,225,163,0,41,0,0,142,233,21,257,1003,549,0,142,0,0,143,236,79,278,1033,562,0,143,23,Wellesley College,Private,4,3,4,3,3,4,2,3,3,4,2,2,2,2,1,2,2,2,2
24_13_14,2013,0,0,57,63,18,44,197,61,0,26,0,2,208,229,106,171,745,224,0,100,0,2,208,229,106,171,745,224,0,100,24,Amherst College,Private,4,3,4,4,4,4,1,4,4,4,4,2,2,2,1,2,3,2,1
25_13_14,2013,0,1,27,59,3,27,321,28,0,31,0,2,84,223,11,84,1148,125,1,111,0,2,84,223,12,86,1150,126,1,111,25,Bowdoin College,Private,4,4,4,3,4,4,2,4,4,4,3,3,2,2,1,2,1,1,1
26_13_14,2013,0,4,395,1215,155,53,3763,559,6,220,0,85,2394,6153,896,341,18899,2438,228,912,0,88,2439,6273,916,515,19290,2486,231,930,26,University of Florida,Public,4,2,4,3,4,1,1,4,4,4,3,2,3,2,1,1,4,3,2
27_13_14,2013,0,0,20,56,18,32,160,70,0,32,0,2,85,214,80,130,652,235,0,126,0,2,86,215,83,130,656,236,0,126,27,Swarthmore College,Private,4,4,4,3,4,4,2,3,2,4,2,2,2,2,2,2,2,2,2
28_13_14,2013,0,0,120,375,84,445,1136,601,4,157,0,24,799,2450,683,2186,6894,4170,21,860,0,25,802,2480,841,2335,6899,4179,21,863,28,University of Southern California,Private,4,2,4,4,4,4,2,3,3,2,2,2,1,1,1,2,2,2,1
29_13_14,2013,0,7,246,280,516,249,3924,769,3,206,0,44,1223,1158,1856,1874,17611,3432,10,869,0,44,1226,1164,1888,1954,17672,3453,10,872,29,UMich - Ann Arbor,Public,4,1,4,3,3,3,1,2,2,3,3,2,2,2,1,1,2,2,2
31_13_14,2013,0,22,303,277,194,80,2501,405,2,162,0,85,1499,1265,460,441,11859,1581,25,667,0,87,1567,1299,496,476,12120,1615,26,684,31,UNC,Public,4,3,4,4,4,4,1,4,4,4,2,2,1,4,1,2,3,3,1
38_13_14,2013,0,2,157,135,11,319,1433,510,4,102,0,18,878,909,68,1464,7728,2445,13,452,0,18,918,937,73,1544,7976,2603,13,476,38,Georgia Tech,Public,4,1,4,3,3,2,1,4,3,3,2,2,3,3,1,2,3,3,1
40_13_14,2013,0,5,433,744,38,1171,3471,1245,7,215,0,18,1755,2613,165,4629,16829,4805,48,801,0,19,1781,2657,235,5031,17176,4932,48,816,40,UIUC,Public,4,2,4,3,3,1,1,3,3,2,2,1,2,2,1,2,2,2,1
41_13_14,2013,0,0,521,391,63,144,2059,682,2,158,0,32,3252,2310,658,793,13981,4054,21,944,0,33,3326,2335,785,859,14226,4117,21,956,41,UMD,Public,4,3,4,4,3,3,1,2,3,2,3,2,2,3,1,2,2,2,1
46_13_14,2013,0,6,291,1660,34,221,3309,1457,7,264,0,87,1685,8581,125,1828,18694,7045,44,1234,0,91,1701,8679,136,1888,19064,7130,44,1246,46,UT Austin,Public,4,4,1,3,3,2,1,3,3,2,2,1,1,2,1,2,3,3,2
50_13_14,2013,0,12,147,312,15,394,4911,368,6,174,0,66,633,1355,117,2138,22755,1626,37,777,0,70,666,1402,365,2533,23759,1694,37,793,50,U-Wisconsin,Public,4,4,4,3,3,2,1,2,2,2,2,2,1,3,1,2,2,2,2
55_13_14,2013,0,3,111,141,123,69,841,118,0,73,0,12,445,570,513,261,3710,425,5,294,0,12,447,572,514,262,3735,428,5,296,55,William & Mary,Public,4,4,4,4,4,4,2,4,4,4,2,2,2,4,1,2,4,4,1
57_13_14,2013,0,5,40,731,213,47,2901,574,5,355,0,45,143,2799,893,238,11126,2130,38,1253,0,45,143,2803,895,293,11138,2130,39,1253,57,"Cal Poly State, San Luis Obispo",Public,4,1,4,4,1,1,1,2,2,1,2,1,2,1,1,1,2,2,1
62_13_14,2013,0,3,379,287,0,92,3737,526,6,207,0,24,1933,1359,279,319,19059,2337,29,781,0,0,0,0,0,0,0,0,0,0,62,University of Georgia,Public,4,1,4,3,2,2,1,2,2,2,2,1,1,1,1,1,2,2,1
63_13_14,2013,0,9,151,281,111,976,4243,362,12,138,0,33,946,1161,530,4935,19564,1439,27,581,0,33,948,1169,543,4981,19706,1449,27,584,63,Purdue University,Public,4,2,4,4,3,3,1,2,2,3,3,1,2,2,1,2,2,2,2
68_13_14,2013,0,20,215,153,64,151,3198,193,5,166,0,103,1587,981,495,613,17260,1202,14,722,0,109,1720,1026,598,759,18244,1315,15,750,68,NC State,Public,4,4,4,4,2,1,1,2,2,2,2,2,2,2,NA,2,2,2,1
75_13_14,2013,0,6,175,173,8,283,4175,516,1,207,0,86,1153,915,223,2642,21635,2596,21,1000,0,95,1330,1026,1162,3073,23755,2920,25,1063,75,"University of Minnesota, Twin Cities",Public,4,4,4,4,1,1,1,2,2,2,2,2,2,1,1,2,2,2,1
01_14_15,2014,0,3,105,121,18,146,583,276,5,53,0,6,406,440,86,579,2417,1097,6,221,0,0,0,0,0,0,0,0,0,0,1,Princeton University,Private,4,4,4,4,4,4,2,3,4,4,2,2,2,1,1,2,2,2,2
02_14_15,2014,0,17,101,266,3,128,620,348,7,187,0,80,415,1128,22,575,2633,1389,27,749,0,80,416,1128,37,597,2661,1394,27,749,2,Stanford University,Private,4,4,4,4,4,4,2,4,4,4,2,2,2,1,1,2,2,2,1
04_14_15,2014,0,11,87,161,13,153,637,213,0,85,0,35,371,602,89,569,2575,906,0,326,0,35,371,602,89,570,2578,906,0,326,4,Yale University,Private,4,4,4,4,4,4,2,4,4,4,2,2,2,2,1,2,2,2,1
07_14_15,2014,0,3,149,239,65,267,1050,459,0,118,0,9,693,1008,288,1103,4355,1913,4,373,0,9,693,1008,288,1103,4355,1913,4,373,7,University of Pennsylvania,Private,4,3,4,4,4,4,2,3,3,4,2,2,2,2,1,2,2,2,2
08_14_15,2014,0,2,118,182,29,187,695,317,0,120,0,14,463,657,155,755,2905,1246,3,438,0,14,463,657,155,755,2905,1246,3,438,8,Harvard University,Private,2,1,2,2,2,2,2,2,2,2,2,2,2,1,1,2,2,2,1
09_14_15,2014,0,1,80,118,4,112,341,251,1,41,0,4,262,583,52,458,1475,879,1,174,0,4,262,585,53,487,1481,879,1,174,9,Rice University,Private,4,4,4,4,4,4,2,4,4,4,2,2,2,2,1,2,2,2,2
10_14_15,2014,0,12,198,410,171,287,1374,623,6,144,0,46,859,1669,1268,1379,6042,2470,10,623,0,46,859,1669,1268,1464,6043,2471,10,623,10,Cornell University,Private,4,3,4,4,4,4,2,4,4,4,2,2,2,2,1,2,2,2,1
11_14_15,2014,0,1,115,280,14,174,977,370,0,112,0,6,517,959,96,681,4712,1497,1,467,0,7,533,969,175,682,4813,1524,1,473,11,Northwestern University,Private,4,4,4,4,3,3,2,3,3,3,2,2,1,1,1,2,2,2,2
15_14_15,2014,0,6,153,150,51,112,859,203,2,69,0,21,551,549,277,424,3972,688,5,331,0,21,551,549,300,427,3979,688,5,331,15,Vanderbilt University,Private,4,4,4,4,4,3,2,4,3,4,2,2,2,2,1,2,2,2,1
16_14_15,2014,0,29,84,111,35,90,592,157,3,51,0,91,284,341,313,343,2010,588,5,209,0,91,284,341,378,373,2020,588,5,209,16,Dartmouth College,Private,4,4,4,4,4,4,2,4,3,4,2,2,2,1,1,2,3,1,1
17_14_15,2014,0,0,35,69,0,49,286,67,0,40,0,2,143,243,0,144,1119,220,0,143,0,2,143,243,0,157,1135,222,0,143,17,Williams College,Private,4,4,4,4,3,4,1,3,4,3,3,3,2,1,1,3,2,2,1
18_14_15,2014,0,9,106,184,72,186,682,225,5,90,0,24,419,709,503,725,2728,805,10,341,0,24,422,724,581,794,2808,840,10,345,18,Brown University,Private,4,4,4,4,4,4,2,3,4,4,2,2,2,2,1,2,2,2,1
19_14_15,2014,0,1,15,41,14,63,138,36,0,19,0,1,54,156,84,215,553,132,1,97,0,1,54,157,84,221,554,132,1,97,19,Claremont McKenna College,Private,4,4,4,4,3,4,2,4,3,4,2,2,2,1,1,2,2,2,1
21_14_15,2014,0,15,88,830,364,1011,819,1788,7,0,0,101,472,3814,1702,4947,4957,8774,43,0,0,101,472,3814,1702,4947,4957,8774,43,0,21,UCSD,Public,4,1,4,4,4,1,1,3,3,3,2,1,2,3,1,1,3,2,1
22_14_15,2014,0,0,2,34,0,19,58,105,0,8,0,1,15,120,0,86,274,431,0,56,0,1,15,120,0,86,274,431,0,56,22,California Institute of Technology,Private,4,3,3,4,4,4,1,3,2,4,2,2,1,1,1,2,2,2,1
23_14_15,2014,0,1,33,47,3,65,260,147,0,37,0,1,125,202,40,243,902,526,0,133,0,1,128,205,106,275,932,538,0,138,23,Wellesley College,Private,4,3,4,2,2,4,2,3,3,4,2,2,2,2,1,2,2,2,2
24_14_15,2014,0,5,59,62,17,48,195,65,1,17,0,6,222,235,90,172,751,234,1,81,0,6,222,235,90,172,751,234,1,81,24,Amherst College,Private,4,3,4,4,4,4,1,4,4,4,4,2,2,1,1,2,3,2,1
25_14_15,2014,0,1,25,62,1,26,316,31,0,39,0,2,88,229,10,93,1144,114,0,117,0,2,88,229,10,98,1147,114,0,117,25,Bowdoin College,Private,4,4,4,3,4,4,2,4,4,4,3,3,2,2,1,2,1,1,1
26_14_15,2014,0,6,362,1314,171,64,3791,602,8,206,0,91,2192,6518,925,391,19025,2499,198,919,0,0,0,0,0,0,0,0,0,0,26,University of Florida,Public,4,2,4,3,4,1,1,4,4,4,3,2,3,2,1,1,4,3,2
27_14_15,2014,0,1,26,48,2,51,176,66,1,36,0,2,90,206,70,150,640,251,1,120,0,2,90,206,72,153,646,252,1,120,27,Swarthmore College,Private,4,4,4,3,4,4,2,3,2,4,2,2,2,2,2,2,2,2,2
28_14_15,2014,0,7,139,370,93,512,1117,659,12,189,0,24,802,2489,881,2390,6702,4138,32,934,0,25,807,2516,1021,2551,6706,4147,32,935,28,University of Southern California,Private,4,2,4,4,4,4,2,3,3,2,2,2,1,1,1,2,2,2,1
29_14_15,2014,0,9,240,280,254,256,4287,955,2,222,0,44,1161,1203,1995,1863,17483,3561,12,895,0,44,1166,1209,2013,1953,17531,3570,12,897,29,UMich - Ann Arbor,Public,4,1,4,3,3,3,1,2,2,3,3,2,2,2,1,1,2,2,2
31_14_15,2014,0,21,329,301,109,96,2506,424,2,188,0,93,1477,1323,438,445,11671,1676,25,760,0,97,1543,1351,460,474,11903,1717,29,776,31,UNC,Public,4,3,4,4,4,4,1,4,4,4,2,2,1,4,1,2,3,3,1
38_14_15,2014,0,1,150,185,109,251,1415,584,1,113,0,9,897,911,159,1495,7429,2589,12,495,0,9,935,935,167,1586,7676,2838,12,524,38,Georgia Tech,Public,4,1,4,3,3,2,2,4,3,3,2,2,3,3,1,2,3,3,1
40_14_15,2014,0,6,356,720,46,1065,3198,1353,5,188,0,16,1735,2801,171,4919,16163,5180,35,855,0,19,1752,2839,226,5359,16538,5319,37,870,40,UIUC,Public,4,2,4,3,3,1,1,3,3,2,2,1,2,2,1,2,2,2,1
41_14_15,2014,0,4,520,360,41,162,2114,725,7,196,0,35,3382,2466,469,926,13931,4238,21,1064,0,36,3447,2490,582,1022,14086,4299,21,1073,41,UMD,Public,4,3,4,4,3,3,1,2,3,2,3,2,2,3,1,2,2,2,1
46_14_15,2014,0,4,258,1500,63,264,3266,1658,10,262,0,78,1606,8529,192,1820,17914,7376,53,1346,0,81,1622,8621,202,1877,18253,7459,53,1355,46,UT Austin,Public,4,4,1,3,3,2,1,3,3,2,2,1,1,2,1,2,3,3,2
50_14_15,2014,0,10,135,328,20,380,4852,351,8,180,0,65,620,1403,88,2093,22578,1609,37,809,0,67,657,1452,285,2568,23714,1682,37,827,50,U-Wisconsin,Public,4,4,4,3,3,2,1,2,2,2,2,2,1,3,1,2,2,2,2
55_14_15,2014,0,3,124,123,43,114,903,144,0,57,0,10,463,571,410,341,3688,491,3,279,0,10,463,571,411,343,3717,501,3,280,55,William & Mary,Public,4,4,4,4,4,4,2,4,4,4,2,2,2,4,1,2,4,4,1
57_14_15,2014,0,5,33,667,198,82,2717,600,9,351,0,31,135,2918,885,284,11261,2279,34,1349,0,31,136,2921,889,334,11272,2279,34,1350,57,"Cal Poly State, San Luis Obispo",Public,4,1,4,4,1,1,1,2,2,1,2,1,2,1,1,1,2,2,1
62_14_15,2014,0,6,383,265,58,106,3713,547,7,176,0,24,2006,1401,217,397,19327,2460,32,874,0,24,2007,1409,220,470,19377,2465,32,878,62,University of Georgia,Public,4,1,4,3,2,2,1,2,2,2,2,1,1,1,1,1,2,2,1
63_14_15,2014,0,9,157,296,134,1141,4022,473,0,140,0,34,896,1228,514,5240,18877,1601,20,628,0,35,899,1234,520,5282,19023,1610,20,632,63,Purdue University,Public,4,2,4,4,3,3,1,3,2,3,3,1,2,2,1,2,2,2,2
68_14_15,2014,0,16,260,192,56,131,3384,254,3,203,0,97,1491,1024,395,750,17120,1230,14,804,0,103,1616,1095,630,856,17963,1350,20,840,68,NC State,Public,4,4,4,4,2,1,1,2,2,2,2,2,2,2,NA,2,2,2,1
75_14_15,2014,0,15,184,182,19,337,4032,548,1,212,0,77,1181,971,186,2787,21206,2670,18,1039,0,86,1343,1080,1183,3211,23343,2997,23,1085,75,"University of Minnesota, Twin Cities",Public,4,4,4,4,1,1,1,2,2,2,2,2,2,1,1,2,2,2,1
01_15_16,2015,0,2,89,142,19,175,553,289,2,46,0,6,400,489,79,602,2343,1131,8,202,0,0,0,0,0,0,0,0,0,0,1,Princeton University,Private,4,4,4,4,4,4,2,3,4,4,2,2,2,1,1,2,2,2,2
02_15_16,2015,0,7,107,230,6,177,625,385,6,176,0,71,425,1072,21,612,2614,1432,22,725,0,71,426,1072,25,612,2614,1432,22,725,2,Stanford University,Private,4,4,4,4,4,4,2,4,4,4,2,2,2,1,1,2,2,2,1
04_15_16,2015,0,5,96,182,8,149,611,248,0,64,0,34,376,632,59,586,2571,956,2,312,0,34,376,632,60,587,2573,956,2,312,4,Yale University,Private,4,4,4,4,4,4,2,4,4,4,2,2,2,2,1,2,2,2,1
07_15_16,2015,0,3,165,260,105,283,997,474,1,89,0,9,688,998,281,1127,4255,1959,4,405,0,9,688,998,281,1127,4255,1959,4,405,7,University of Pennsylvania,Private,4,3,4,4,4,4,3,3,3,4,2,2,2,2,1,2,2,2,2
08_15_16,2015,0,4,109,176,122,218,623,314,0,93,0,15,436,680,188,764,2818,1309,3,425,0,15,436,680,249,764,2818,1309,3,425,8,Harvard University,Private,2,1,2,2,2,2,2,2,2,2,2,2,2,1,1,2,2,2,1
09_15_16,2015,0,3,62,127,17,112,355,250,1,41,0,4,253,545,58,472,1438,934,2,173,0,4,253,546,59,501,1438,934,2,173,9,Rice University,Private,4,4,4,4,4,4,2,4,4,4,2,2,2,2,1,2,2,2,2
10_15_16,2015,0,15,223,437,235,289,1189,645,4,143,0,52,862,1726,1165,1376,5823,2574,13,635,0,52,862,1729,1171,1447,5830,2575,13,636,10,Cornell University,Private,4,3,4,4,4,4,2,4,4,4,2,2,2,2,1,2,2,2,1
11_15_16,2015,0,0,133,247,88,178,957,341,0,74,0,3,473,936,152,724,4052,1431,0,387,0,0,0,0,0,0,0,0,0,0,11,Northwestern University,Private,4,4,4,4,3,3,2,3,3,3,2,2,1,1,1,2,2,2,2
15_15_16,2015,0,6,155,162,94,120,770,216,4,80,0,26,576,581,326,458,3765,794,7,324,0,26,576,581,336,466,3772,794,7,325,15,Vanderbilt University,Private,4,4,4,4,4,3,2,4,3,4,2,2,2,2,1,2,2,2,1
16_15_16,2015,0,27,74,95,23,93,559,178,5,58,0,94,284,348,220,344,2054,641,10,219,0,94,285,348,274,382,2054,641,10,219,16,Dartmouth College,Private,4,4,4,4,4,4,2,4,3,4,2,2,2,1,1,2,3,1,1
17_15_16,2015,0,1,51,67,0,46,283,76,0,27,0,4,157,261,0,161,1106,243,0,133,0,4,157,263,0,173,1126,243,0,133,17,Williams College,Private,4,4,4,4,3,4,1,3,4,3,3,3,2,1,1,3,2,2,1
18_15_16,2015,0,9,100,179,102,182,693,228,0,120,0,27,424,719,438,753,2714,842,10,393,0,27,426,737,561,855,2765,874,10,397,18,Brown University,Private,4,4,4,4,4,4,2,3,4,4,2,2,2,2,1,2,2,2,1
19_15_16,2015,0,0,13,53,28,60,131,37,0,21,0,1,57,180,81,220,560,137,2,87,0,1,57,180,81,222,561,137,2,87,19,Claremont McKenna College,Private,4,4,4,4,3,4,2,4,3,4,2,2,2,1,1,2,2,2,1
21_15_16,2015,0,22,78,704,460,1294,913,1815,6,0,0,102,510,3879,1954,6062,5033,9003,47,0,0,102,510,3879,1954,6062,5033,9003,47,0,21,UCSD,Public,4,1,4,4,4,1,1,3,3,3,2,1,2,3,1,1,3,2,1
22_15_16,2015,0,0,3,27,2,17,71,111,0,10,0,1,15,119,2,83,274,454,0,53,0,0,0,0,0,0,0,0,0,0,22,California Institute of Technology,Private,4,3,3,4,4,4,1,3,2,4,2,2,1,1,1,2,2,2,1
23_15_16,2015,0,1,32,79,49,83,206,117,0,26,0,2,118,235,87,260,860,497,0,129,0,2,120,238,211,276,876,502,0,131,23,Wellesley College,Private,4,3,4,3,3,4,2,3,3,4,2,2,2,2,1,2,2,2,2
24_15_16,2015,0,1,50,65,9,43,215,67,0,27,0,8,210,241,73,173,756,244,1,89,0,8,210,241,73,173,756,244,1,89,24,Amherst College,Private,4,3,4,4,4,4,1,4,4,4,4,2,2,1,1,2,3,2,1
25_15_16,2015,0,1,29,52,6,27,316,36,0,33,0,6,97,223,12,90,1125,125,0,116,0,6,97,223,12,93,1127,125,0,116,25,Bowdoin College,Private,4,4,4,3,4,4,2,4,4,4,3,3,2,2,1,2,1,1,1
26_15_16,2015,0,10,440,1493,172,93,4023,667,16,278,0,81,2178,7042,942,459,19457,2639,178,996,0,83,2259,7228,969,658,19931,2717,187,1011,26,University of Florida,Public,4,2,4,3,4,1,1,4,4,4,3,2,3,2,1,1,4,3,2
27_15_16,2015,0,0,27,48,8,52,166,78,1,27,0,1,95,202,47,169,661,269,2,120,0,1,95,204,49,171,670,269,2,120,27,Swarthmore College,Private,4,4,4,3,4,4,2,3,2,4,2,2,2,2,2,2,2,2,2
28_15_16,2015,0,4,144,387,35,430,1172,611,3,163,0,27,780,2556,256,2482,7431,3991,30,965,0,28,782,2564,313,2676,7451,3999,30,967,28,University of Southern California,Private,4,2,4,4,4,4,2,3,3,2,2,2,1,1,1,2,2,2,1
29_15_16,2015,0,9,298,344,374,244,3729,821,1,251,0,53,1212,1295,1822,1871,17312,3578,10,967,0,53,1216,1300,1840,1959,17370,3595,10,969,29,UMich - Ann Arbor,Public,4,1,4,3,3,3,1,2,2,3,3,2,2,2,1,1,2,2,2
31_15_16,2015,0,22,300,286,172,120,2565,441,4,166,0,103,1408,1358,608,441,11434,1802,19,778,0,105,1491,1386,631,469,11672,1841,20,800,31,UNC,Public,4,3,3,4,4,4,1,4,4,4,2,2,1,4,1,2,3,3,1
38_15_16,2015,0,2,200,191,205,244,1500,635,0,112,0,8,964,954,342,1537,7347,2772,8,528,0,8,997,988,349,1626,7614,2999,8,553,38,Georgia Tech,Public,4,1,4,3,3,2,2,4,3,3,2,2,3,3,1,2,3,3,1
39_15_16,2015,0,3,99,1543,234,1324,537,1808,11,197,0,11,417,6281,1091,3969,3101,9404,26,956,0,11,417,6281,1091,3969,3101,9404,26,956,39,UC Irvine,Public,4,3,4,4,4,1,1,4,4,3,2,1,2,2,1,1,4,4,4
40_15_16,2015,0,5,475,813,55,1109,3416,1453,5,231,0,20,1774,3096,190,5070,15493,5578,24,925,0,22,1801,3133,256,5519,15905,5757,25,950,40,UIUC,Public,4,2,4,3,3,1,1,3,3,2,2,1,2,2,1,2,2,2,1
41_15_16,2015,0,5,474,366,61,98,2040,723,5,165,0,35,3416,2536,362,996,14025,4399,20,1100,0,36,3499,2562,466,1119,14175,4452,20,1114,41,UMD,Public,4,3,4,4,3,3,1,2,3,2,3,2,2,3,1,2,2,2,NA
46_15_16,2015,0,8,355,1710,58,358,3196,1779,10,269,0,62,1631,8697,260,1875,17289,7792,58,1393,0,65,1647,8775,267,1944,17593,7865,58,1405,46,UT Austin,Public,4,4,1,3,3,2,1,3,3,2,2,1,1,2,1,2,3,3,2
50_15_16,2015,0,13,127,296,8,500,4755,339,7,225,0,62,616,1406,80,2329,22541,1635,38,873,0,65,662,1457,264,2772,23765,1726,40,911,50,U-Wisconsin,Public,4,4,4,3,3,2,1,2,2,2,2,2,1,3,1,2,2,2,2
55_15_16,2015,0,1,103,123,96,105,896,128,0,66,0,9,466,552,398,355,3697,505,0,278,0,9,466,552,398,358,3723,516,0,279,55,William & Mary,Public,4,4,4,4,4,4,2,4,4,4,2,2,2,4,1,2,4,4,1
57_15_16,2015,0,7,41,722,256,90,2805,662,4,356,0,29,161,3133,949,352,11487,2444,29,1387,0,29,161,3135,955,418,11491,2444,29,1387,57,"Cal Poly State, San Luis Obispo",Public,4,1,4,4,1,1,1,2,2,1,2,1,2,1,1,1,2,2,1
62_15_16,2015,0,6,396,299,52,89,3638,573,6,215,0,24,2046,1489,223,449,19447,2608,31,1011,0,24,2049,1494,227,570,19521,2615,32,1015,62,University of Georgia,Public,4,1,4,3,2,2,1,2,2,2,2,1,1,1,1,1,2,2,1
63_15_16,2015,0,8,170,295,239,1060,4307,553,8,172,0,34,881,1277,648,5212,18744,1845,28,656,0,34,885,1281,657,5233,18861,1858,28,660,63,Purdue University,Public,4,2,4,4,3,3,1,3,2,3,3,1,2,2,1,2,2,2,2
68_15_16,2015,0,16,247,204,77,205,3220,204,2,189,0,80,1404,1045,383,933,16578,1151,16,868,0,83,1527,1123,565,1078,17525,1285,20,905,68,NC State,Public,4,4,4,4,2,1,1,2,2,2,2,2,2,2,1,2,2,2,1
74_15_16,2015,0,2,135,248,0,74,417,571,2,28,0,24,1400,3347,0,1706,3380,4776,33,230,0,24,1416,3438,0,1709,3532,4871,34,230,74,"CUNY, Baruch College",Public,4,1,4,4,3,3,2,2,2,2,1,1,1,1,1,1,1,2,1
75_15_16,2015,0,9,200,207,28,312,4230,544,4,237,0,70,1239,1070,185,2834,21268,2725,18,1102,0,79,1372,1169,964,3245,23070,2992,21,1159,75,"University of Minnesota, Twin Cities",Public,4,4,4,4,1,1,1,2,2,2,2,2,2,2,1,1,2,2,2
01_16_17,2016,0,1,102,123,22,152,572,266,1,66,0,7,407,505,81,625,2284,1118,8,201,0,0,0,0,0,0,0,0,0,0,1,Princeton University,Private,4,4,4,4,4,4,2,3,4,4,2,2,2,1,1,2,2,2,2
02_16_17,2016,0,19,130,287,11,172,601,374,7,137,0,75,449,1117,28,640,2545,1454,24,700,0,75,449,1117,28,642,2545,1454,24,700,2,Stanford University,Private,4,4,4,4,4,4,2,4,4,4,2,2,2,1,1,2,2,2,1
04_16_17,2016,0,12,99,180,9,155,582,251,3,76,0,31,374,666,31,587,2526,945,4,307,0,31,374,666,31,587,2527,945,4,307,4,Yale University,Private,4,4,4,4,4,4,2,4,4,4,2,2,2,2,1,2,2,2,1
07_16_17,2016,0,2,201,247,33,312,1019,508,0,106,0,8,736,1031,192,1186,4388,2054,3,421,0,8,736,1031,192,1186,4388,2054,3,421,7,University of Pennsylvania,Private,4,3,4,4,4,4,3,3,3,4,2,2,2,2,1,2,2,2,2
08_16_17,2016,0,8,132,187,25,193,640,354,0,120,0,20,473,732,109,771,2744,1344,3,450,0,20,473,733,109,830,2746,1346,3,450,8,Harvard University,Private,2,1,2,2,2,2,2,2,2,2,2,2,2,1,1,2,2,2,1
09_16_17,2016,0,1,69,153,25,106,351,239,1,33,0,4,268,555,65,471,1420,938,3,155,0,0,0,0,0,0,0,0,0,0,9,Rice University,Private,4,4,4,4,4,4,2,4,4,4,2,2,2,2,1,2,2,2,2
10_16_17,2016,0,21,223,463,271,366,1205,604,3,159,0,64,917,1814,1161,1461,5723,2664,13,654,0,64,917,1815,1162,1554,5723,2664,13,654,10,Cornell University,Private,4,3,4,4,4,4,2,4,4,4,2,2,2,2,1,2,2,2,1
11_16_17,2016,0,2,100,270,30,192,916,332,0,143,0,5,473,1042,159,818,3978,1452,0,426,0,0,0,0,0,0,0,0,0,0,11,Northwestern University,Private,4,4,4,4,3,3,2,3,3,3,2,2,1,1,1,2,2,2,2
15_16_17,2016,0,10,171,167,62,121,759,221,5,85,0,31,632,628,338,487,3526,853,13,336,0,31,633,629,353,491,3532,853,13,336,15,Vanderbilt University,Private,4,4,4,4,4,3,2,4,3,4,2,2,2,2,1,2,2,2,1
16_16_17,2016,0,25,80,118,15,100,550,164,4,60,0,98,293,388,113,358,2106,645,11,218,0,98,293,390,125,384,2136,654,11,219,16,Dartmouth College,Private,4,4,4,4,4,4,2,4,3,4,2,2,2,1,1,2,3,1,1
17_16_17,2016,0,0,43,72,0,41,297,74,0,26,0,2,153,251,0,162,1088,263,0,123,0,2,153,253,0,177,1104,264,0,123,17,Williams College,Private,4,4,4,4,3,4,1,3,4,3,3,3,2,1,1,3,2,2,1
18_16_17,2016,0,9,109,212,91,179,728,251,5,95,0,31,429,768,401,744,2856,928,13,410,0,32,434,779,509,859,2910,972,13,418,18,Brown University,Private,4,4,4,4,4,4,2,3,4,4,2,2,2,2,1,2,2,2,1
19_16_17,2016,0,0,17,43,14,55,142,37,0,13,0,1,61,190,79,229,564,140,2,78,0,1,61,190,79,232,564,140,2,78,19,Claremont McKenna College,Private,4,4,4,4,3,4,3,4,3,4,2,2,2,1,1,2,2,2,1
21_16_17,2016,0,23,147,1143,405,1251,891,1881,5,0,0,121,658,4545,870,5445,5452,10987,49,0,0,121,658,4545,870,5445,5452,10987,49,0,21,UCSD,Public,4,1,4,4,4,1,1,3,3,3,2,1,2,3,1,1,3,2,1
22_16_17,2016,0,0,4,30,0,26,70,77,0,28,0,0,14,116,0,89,280,418,0,62,0,0,14,116,0,89,280,418,0,62,22,California Institute of Technology,Private,4,3,3,4,4,4,1,3,2,4,2,2,1,1,1,2,2,2,1
23_16_17,2016,0,0,37,68,0,80,221,138,0,47,0,1,135,255,5,268,877,528,0,146,0,1,135,255,99,293,887,531,0,146,23,Wellesley College,Private,4,3,4,3,3,4,2,3,3,4,2,2,2,2,1,2,2,2,2
24_16_17,2016,0,3,53,68,10,38,201,73,0,25,0,8,214,253,60,174,790,260,0,90,0,8,214,253,60,174,790,260,0,90,24,Amherst College,Private,4,3,4,4,4,4,1,4,4,4,4,2,2,1,1,2,3,2,1
25_16_17,2016,0,2,40,54,6,24,317,23,1,36,0,5,110,192,20,85,1158,110,1,118,0,5,110,192,20,90,1159,110,1,119,25,Bowdoin College,Private,4,4,4,3,4,4,2,4,4,4,2,2,2,2,1,2,2,2,1
26_16_17,2016,0,8,401,1313,166,150,3806,673,11,305,0,64,2036,7123,925,586,18607,2719,177,1072,0,67,2130,7352,962,786,19165,2808,186,1098,26,University of Florida,Public,4,2,4,3,4,1,1,4,4,4,3,2,3,2,1,1,4,3,2
27_16_17,2016,0,1,32,56,16,50,176,58,0,26,0,2,106,206,42,188,686,264,2,121,0,2,106,206,43,189,687,264,2,121,27,Swarthmore College,Private,4,4,4,3,4,4,2,3,2,4,2,2,2,2,2,2,2,2,2
28_16_17,2016,0,3,162,408,30,422,1244,607,9,183,0,23,824,2598,260,2550,7397,3880,41,984,0,23,825,2603,359,2669,7403,3883,42,987,28,University of Southern California,Private,4,2,4,4,4,4,2,3,3,2,2,2,1,1,1,2,2,2,1
29_16_17,2016,0,5,293,428,112,320,4123,1078,4,326,0,45,1249,1492,1435,1949,17574,3914,10,1093,0,45,1255,1495,1458,2061,17630,3931,10,1098,29,UMich - Ann Arbor,Public,4,1,4,3,3,3,1,2,2,3,3,2,2,2,1,1,2,2,2
31_16_17,2016,0,21,345,295,192,89,2661,448,0,177,0,96,1430,1398,702,452,11460,1873,12,784,0,100,1482,1412,723,464,11627,1905,13,797,31,UNC,Public,4,3,3,4,4,4,1,4,4,4,2,2,1,4,1,2,3,3,1
38_16_17,2016,0,1,184,182,167,248,1418,578,0,99,0,5,988,1003,475,1480,7382,2892,6,535,0,5,1040,1028,521,1602,7634,3093,6,560,38,Georgia Tech,Public,4,1,4,3,3,2,2,4,3,3,2,2,3,3,1,2,3,3,1
39_16_17,2016,0,1,98,1710,119,1422,732,2199,6,265,0,9,442,7152,550,4440,3864,9773,29,1072,0,9,442,7152,550,4440,3864,9773,29,1072,39,UC Irvine,Public,4,3,4,4,4,1,1,4,4,3,2,1,2,2,1,1,4,4,4
40_16_17,2016,0,3,548,934,22,1042,3328,1488,2,225,0,21,1943,3434,126,5097,15267,5865,23,976,0,22,1975,3480,165,5525,15653,6089,24,999,40,UIUC,Public,4,2,4,3,3,1,1,3,3,2,2,1,2,2,1,2,2,2,1
41_16_17,2016,0,5,554,397,71,194,2337,783,1,211,0,30,3594,2735,379,1145,14179,4596,19,1187,0,30,3669,2775,484,1311,14324,4655,19,1205,41,UMD,Public,4,3,4,4,3,3,1,2,3,2,3,2,2,3,1,2,2,2,1
46_16_17,2016,0,15,385,2079,98,452,3433,1933,10,314,0,55,1664,9000,358,2042,16812,8260,58,1427,0,57,1672,9077,367,2120,17058,8315,59,1443,46,UT Austin,Public,4,4,1,3,3,2,1,3,3,2,2,1,1,2,1,2,3,3,2
50_16_17,2016,0,11,135,355,12,554,4694,401,7,261,0,52,628,1465,81,2460,22140,1710,32,968,0,58,672,1506,216,2891,23501,1836,32,998,50,U-Wisconsin,Public,4,4,4,3,3,2,1,2,2,2,2,2,1,3,1,NA,2,2,2
55_16_17,2016,0,4,98,160,85,98,878,99,0,85,0,10,441,568,375,375,3691,491,1,293,0,10,444,570,375,376,3705,498,1,297,55,William & Mary,Public,4,4,4,4,4,4,2,4,4,4,2,2,2,4,1,2,4,4,2
57_16_17,2016,0,7,27,652,188,66,2458,585,7,351,0,29,147,3276,952,403,11510,2565,29,1456,0,29,147,3278,953,450,11517,2565,29,1458,57,"Cal Poly State, San Luis Obispo",Public,4,1,4,4,1,1,1,2,2,1,2,1,2,1,1,1,2,2,1
62_16_17,2016,0,7,440,313,25,88,3692,667,4,197,0,21,2120,1584,211,468,19555,2811,28,1030,0,22,2124,1587,213,525,19604,2814,28,1034,62,University of Georgia,Public,4,1,4,3,2,2,1,2,2,2,2,1,1,1,1,1,2,2,1
63_16_17,2016,0,7,228,355,238,942,4676,570,9,218,0,42,892,1363,784,5129,18802,2110,33,711,0,42,904,1373,791,5133,18932,2120,34,714,63,Purdue University,Public,4,2,4,4,3,3,1,3,2,3,3,1,2,2,1,2,2,2,2
68_16_17,2016,0,21,249,182,144,292,3070,291,3,136,0,89,1334,1090,451,981,16211,1317,15,858,0,92,1441,1125,686,1131,17047,1404,17,904,68,NC State,Public,4,4,4,4,2,1,1,2,2,2,2,2,2,2,1,2,2,2,1
74_16_17,2016,0,1,105,323,0,73,348,537,2,15,0,27,1367,3702,0,1672,3114,4738,26,212,0,27,1376,3791,0,1674,3281,4822,27,212,74,"CUNY, Baruch College",Public,4,1,4,4,3,3,2,2,2,2,1,1,1,1,1,1,1,2,1
75_16_17,2016,0,16,197,225,48,342,4180,630,5,237,0,80,1327,1136,197,2779,21399,2868,26,1163,0,93,1470,1234,1162,3100,23379,3181,34,1218,75,"University of Minnesota, Twin Cities",Public,4,4,4,4,1,1,1,2,2,2,2,2,2,1,1,2,2,2,1
01_17_18,2017,0,2,106,143,15,163,519,293,1,63,0,8,404,531,77,629,2236,1125,9,227,0,0,0,0,0,0,0,0,0,0,1,Princeton University,Private,4,4,4,4,4,4,2,4,4,4,2,2,2,1,1,2,2,2,1
02_17_18,2017,0,18,117,249,8,180,573,400,5,150,0,63,470,1102,27,646,2518,1529,22,679,0,63,471,1102,31,647,2518,1529,22,679,2,Stanford University,Private,4,4,4,4,4,4,2,4,NA,4,2,2,2,1,1,2,2,2,1
04_17_18,2017,0,5,122,207,13,157,652,299,0,124,0,33,404,724,26,614,2568,1012,4,358,0,33,404,724,26,614,2570,1012,4,359,4,Yale University,Private,4,4,4,4,4,4,2,4,4,4,2,2,2,2,1,2,2,2,1
07_17_18,2017,0,3,165,262,64,334,971,489,2,122,0,12,715,1044,179,1261,4278,2081,3,460,0,12,715,1044,179,1261,4278,2081,3,460,7,University of Pennsylvania,Private,4,3,4,4,4,4,3,3,3,4,2,2,2,2,1,2,2,2,2
08_17_18,2017,0,1,160,195,31,192,647,334,2,123,0,15,523,777,112,718,2704,1388,4,460,0,15,523,777,113,776,2709,1389,4,460,8,Harvard University,Private,2,1,2,2,2,2,2,2,2,2,2,2,2,1,1,2,2,2,1
09_17_18,2017,0,2,76,183,18,107,306,301,2,51,0,6,271,582,73,463,1373,1028,6,168,0,6,272,584,73,488,1374,1030,6,168,9,Rice University,Private,4,4,4,4,4,4,2,4,4,4,2,2,2,2,1,2,2,2,2
10_17_18,2017,0,10,268,476,253,346,1176,644,4,172,0,57,978,1904,1142,1514,5699,2818,17,686,0,57,978,1906,1143,1602,5700,2818,17,686,10,Cornell University,Private,4,3,4,4,4,4,2,4,4,4,2,2,2,2,1,2,2,2,1
11_17_18,2017,0,2,123,223,107,191,847,288,0,122,0,7,481,1037,285,752,3840,1420,0,449,0,0,0,0,0,0,0,0,0,0,11,Northwestern University,Private,4,4,4,4,3,3,2,3,3,3,2,2,1,1,1,2,2,2,2
15_17_18,2017,0,10,200,173,79,132,673,237,9,94,0,36,709,660,312,520,3321,925,20,353,0,36,709,660,322,530,3329,926,20,353,15,Vanderbilt University,Private,4,4,4,4,4,3,2,4,3,4,2,2,2,2,1,2,2,2,1
16_17_18,2017,0,16,67,120,11,112,619,196,3,71,0,80,288,434,80,373,2167,646,14,233,0,80,290,436,111,405,2189,652,14,233,16,Dartmouth College,Private,4,4,4,4,4,4,2,4,3,4,2,2,2,1,1,2,3,1,1
17_17_18,2017,0,0,52,79,26,41,262,59,0,29,0,2,167,262,26,159,1043,257,0,114,0,2,169,263,26,170,1058,258,0,115,17,Williams College,Private,4,4,4,4,3,4,1,3,3,4,3,3,2,1,2,3,3,3,1
18_17_18,2017,0,5,117,179,83,195,698,275,2,83,0,30,424,770,367,751,2928,985,12,403,0,30,433,781,452,870,2972,1029,12,409,18,Brown University,Private,4,4,4,4,4,4,2,3,4,4,2,2,2,2,1,2,2,2,1
19_17_18,2017,0,0,13,57,21,60,138,39,0,24,0,1,54,198,81,221,550,152,2,75,0,1,54,199,81,224,550,152,2,75,19,Claremont McKenna College,Private,4,4,4,4,3,4,3,4,3,4,2,2,2,1,1,2,2,2,1
21_17_18,2017,0,34,233,1822,212,1545,1793,2910,19,0,0,124,707,5096,811,5588,5463,10753,45,0,0,124,707,5096,811,5588,5463,10753,45,0,21,UCSD,Public,NA,1,4,4,4,1,1,3,3,3,2,1,2,3,1,1,3,2,1
22_17_18,2017,0,0,3,29,0,19,55,112,0,17,0,0,13,115,0,82,267,416,0,68,0,0,13,115,0,82,267,416,0,68,22,California Institute of Technology,Private,4,3,3,4,4,4,1,3,2,4,2,2,1,1,1,2,2,2,1
23_17_18,2017,0,2,40,79,0,81,219,137,0,45,0,4,147,281,2,307,932,554,0,148,0,0,0,3,103,20,5,1,0,1,23,Wellesley College,Private,4,3,4,3,3,4,2,3,3,4,2,2,2,2,1,2,2,2,2
24_17_18,2017,0,4,49,54,9,38,219,68,0,30,0,11,209,234,50,169,804,262,1,96,0,11,209,234,50,169,804,262,1,96,24,Amherst College,Private,4,3,4,4,4,4,1,4,4,4,4,2,2,1,1,2,3,2,1
25_17_18,2017,0,1,37,49,4,34,297,45,0,34,0,5,117,202,18,89,1128,120,1,132,0,5,117,202,18,91,1130,120,1,132,25,Bowdoin College,Private,4,4,4,3,4,4,2,4,4,4,2,2,2,2,1,2,2,2,1
26_17_18,2017,0,8,420,1321,245,121,3461,595,2,255,0,71,2090,7244,1072,670,18424,2732,210,1142,0,74,2218,7544,1126,887,19163,2852,214,1169,26,University of Florida,Public,4,2,4,3,4,1,1,4,4,4,3,2,3,2,1,1,4,3,2
27_17_18,2017,0,1,27,43,21,55,154,63,0,28,0,3,116,199,52,208,664,270,2,115,0,3,116,200,53,211,669,270,2,117,27,Swarthmore College,Private,4,4,4,3,4,4,2,3,2,4,2,2,2,2,2,2,2,2,2
28_17_18,2017,0,7,160,497,21,462,1269,700,8,234,0,26,875,2741,252,2523,7521,3886,46,1072,0,26,876,2743,316,2674,7527,3889,46,1073,28,University of Southern California,Private,4,3,4,4,4,4,2,3,3,3,2,2,1,1,1,2,2,2,1
29_17_18,2017,0,11,277,479,372,310,4145,943,8,302,0,43,1258,1692,1325,2003,17882,4130,16,1201,0,43,1263,1696,1347,2157,17940,4153,16,1206,29,UMich - Ann Arbor,Public,4,1,4,3,3,3,1,2,2,3,3,2,2,2,1,1,2,2,2
31_17_18,2017,0,18,323,342,173,121,2679,495,3,202,0,83,1487,1463,692,502,11615,1994,10,837,0,83,1507,1472,727,509,11687,2020,12,845,31,UNC,Public,4,3,3,4,4,4,1,4,4,4,2,2,1,4,1,2,3,3,1
38_17_18,2017,0,0,200,200,146,166,1466,572,1,110,0,4,1041,995,584,1294,7365,2965,7,558,0,5,1084,1032,597,1434,7607,3227,7,580,38,Georgia Tech,Public,4,1,4,3,3,2,1,4,3,3,2,2,3,3,1,2,3,3,2
39_17_18,2017,0,4,135,1732,66,1138,725,2456,17,272,0,14,563,7751,318,4906,4092,10455,88,1120,0,14,563,7751,318,4906,4092,10455,88,1120,39,UC Irvine,Public,4,1,4,4,4,NA,1,4,4,3,2,1,2,2,1,1,4,4,1
40_17_18,2017,0,3,500,996,45,1127,3092,1497,7,251,0,16,1957,3725,130,5121,14832,6072,22,1009,0,17,1975,3763,167,5548,15184,6248,23,1030,40,UIUC,Public,4,2,4,3,3,1,1,3,3,2,2,1,2,2,1,2,2,2,1
41_17_18,2017,0,2,447,317,60,241,2065,836,4,171,0,28,3691,2852,395,1523,14813,4980,25,1249,0,28,3738,2871,501,1527,14900,5011,25,1267,41,UMD,Public,4,3,4,4,3,3,1,2,3,2,3,2,2,3,1,2,2,2,1
46_17_18,2017,0,15,366,2064,51,336,3366,1864,8,311,0,60,1617,9220,354,2095,16580,8522,55,1462,0,61,1632,9312,362,2183,16832,8581,55,1474,46,UT Austin,Public,4,4,1,3,3,2,1,3,3,2,2,1,1,2,NA,2,3,3,1
50_17_18,2017,0,18,123,384,160,550,4736,443,5,191,0,59,631,1559,239,2734,21903,1793,31,982,0,60,688,1621,380,3184,23303,1918,31,1011,50,U-Wisconsin,Public,4,4,4,3,3,3,1,2,2,2,2,2,1,3,1,2,2,2,2
55_17_18,2017,0,2,121,153,74,99,897,108,2,75,0,10,458,586,320,389,3707,482,3,288,0,10,459,587,321,392,3733,490,3,290,55,William & Mary,Public,4,4,4,4,4,4,2,4,4,4,2,2,2,4,1,2,4,4,2
57_17_18,2017,0,8,41,863,254,75,2862,703,7,440,0,31,161,3575,1026,425,11649,2740,32,1610,0,31,161,3577,1027,463,11656,2740,32,1610,57,"Cal Poly State, San Luis Obispo",Public,4,1,4,4,1,1,1,2,2,1,2,1,2,1,1,1,2,2,1
62_17_18,2017,0,4,466,390,57,70,3959,642,2,236,0,29,2250,1754,258,458,19898,2960,24,1092,0,29,2255,1761,260,516,19945,2965,24,1093,62,University of Georgia,Public,4,1,4,3,2,2,1,2,2,2,2,1,1,1,1,1,2,2,1
63_17_18,2017,0,8,224,434,69,890,5012,629,3,297,0,41,928,1537,705,4960,19416,2330,25,889,0,42,933,1541,708,4964,19557,2345,25,891,63,Purdue University,Public,4,2,4,4,3,3,1,3,2,3,3,1,2,2,1,2,2,2,2
68_17_18,2017,0,25,289,261,158,156,3373,338,1,198,0,90,1349,1187,575,1029,16184,1446,15,880,0,94,1407,1221,1166,1137,16700,1508,16,901,68,NC State,Public,4,4,4,4,2,1,1,2,2,2,2,2,2,2,1,2,2,2,1
74_17_18,2017,0,2,123,312,0,105,400,623,1,39,0,22,1338,3889,0,1703,3039,4678,27,207,0,22,1352,3964,0,1703,3217,4761,27,207,74,"CUNY, Baruch College",Public,4,1,4,4,3,3,2,2,2,2,1,1,1,1,1,1,1,2,1
75_17_18,2017,0,9,225,286,67,371,4321,645,4,267,0,84,1421,1304,247,2816,21350,3010,30,1273,0,93,1588,1401,1254,3090,23363,3290,31,1323,75,"University of Minnesota, Twin Cities",Public,4,4,4,4,1,1,1,2,2,2,2,2,2,1,1,2,2,2,1
01_18_19,2018,0,4,113,135,18,167,537,290,1,73,0,9,413,556,75,653,2200,1136,6,253,0,0,0,0,0,0,0,0,0,0,1,Princeton University,Private,4,4,4,4,4,4,2,4,4,4,2,2,2,1,1,2,2,2,1
02_18_19,2018,0,12,98,287,6,192,533,386,7,175,0,56,460,1113,55,739,2415,1552,22,671,0,56,462,1113,55,739,2415,1552,22,673,2,Stanford University,Private,4,4,4,4,4,4,2,4,4,4,2,2,2,1,1,2,2,2,1
04_18_19,2018,0,6,129,236,7,172,619,306,2,96,0,28,449,798,26,646,2523,1122,4,367,0,28,449,798,26,646,2524,1122,4,367,4,Yale University,Private,4,4,4,4,4,4,2,4,4,4,2,2,2,2,1,2,2,2,1
07_18_19,2018,0,1,185,250,93,322,932,552,4,118,0,10,757,1065,218,1320,4157,2181,6,469,0,12,880,1158,388,1590,4897,2367,6,553,7,University of Pennsylvania,Private,4,3,4,4,4,4,3,3,3,4,2,2,2,2,1,2,2,2,2
08_18_19,2018,0,6,167,176,24,205,600,347,1,126,0,16,572,742,103,814,2607,1389,3,476,0,16,572,742,103,876,2609,1391,3,476,8,Harvard University,Private,2,1,2,2,2,2,2,2,2,2,2,2,2,1,1,2,2,2,1
09_18_19,2018,0,1,83,167,11,117,300,229,1,49,0,6,283,615,76,463,1317,1018,6,178,0,6,283,615,77,491,1318,1018,6,178,9,Rice University,Private,4,4,4,4,4,4,2,4,4,4,2,2,2,2,1,2,2,2,2
10_18_19,2018,0,9,265,503,257,340,1125,624,4,168,0,56,1038,2043,1210,1589,5516,2927,14,712,0,56,1038,2043,1213,1661,5518,2927,14,712,10,Cornell University,Private,4,3,4,4,4,4,2,4,4,4,2,2,2,2,1,2,2,2,1
11_18_19,2018,0,2,114,256,58,213,793,365,0,130,0,8,473,1034,329,780,3689,1446,1,471,0,0,0,0,0,0,0,0,0,0,11,Northwestern University,Private,4,4,4,4,3,3,2,3,3,3,2,2,1,1,1,2,2,2,2
15_18_19,2018,0,5,190,162,72,199,639,240,6,89,0,31,739,682,327,599,3103,952,23,384,0,31,739,682,336,607,3106,953,23,384,15,Vanderbilt University,Private,4,4,4,4,4,3,2,4,3,4,2,2,2,2,1,2,2,2,1
16_18_19,2018,0,16,58,117,11,128,605,171,1,60,0,74,260,429,56,403,2185,662,13,230,0,74,263,430,79,434,2221,671,13,232,16,Dartmouth College,Private,4,4,4,4,4,4,2,4,3,4,2,2,2,1,1,2,2,2,2
17_18_19,2018,0,1,33,65,29,45,263,67,0,30,0,2,165,263,54,158,1016,256,0,106,0,2,165,264,54,171,1051,259,0,107,17,Williams College,Private,4,4,4,4,3,4,1,3,3,4,3,3,2,1,2,3,3,3,1
18_18_19,2018,0,6,116,201,91,177,688,263,4,106,0,24,435,774,396,751,2900,1043,10,419,0,24,441,789,474,870,2939,1069,10,427,18,Brown University,Private,4,4,4,4,4,4,2,3,4,4,2,2,2,2,1,2,2,2,1
19_18_19,2018,0,0,12,51,19,50,135,37,1,20,0,0,55,201,79,212,548,146,1,76,0,0,0,0,0,0,0,0,0,0,19,Claremont McKenna College,Private,4,4,4,4,3,4,3,4,3,4,2,2,2,1,1,2,2,2,1
21_18_19,2018,0,20,165,1499,179,1109,1179,2542,15,0,0,122,775,5904,841,5628,5791,11165,59,0,0,122,775,5904,841,5628,5791,11165,59,0,21,UCSD,Public,NA,1,4,4,4,1,1,3,3,3,2,1,2,3,1,1,3,2,1
22_18_19,2018,0,0,4,42,0,17,62,83,0,23,0,0,14,131,0,83,257,383,0,80,0,0,14,132,0,91,260,383,0,80,22,California Institute of Technology,Private,4,3,3,4,4,4,1,3,2,4,2,2,1,1,1,2,2,2,1
23_18_19,2018,0,0,42,90,2,85,235,122,0,38,0,3,156,317,3,324,917,520,0,152,0,3,157,318,116,343,921,523,0,153,23,Wellesley College,Private,4,3,4,3,3,4,2,3,3,4,2,2,2,2,1,2,2,2,2
24_18_19,2018,0,3,48,63,12,34,206,80,0,46,0,9,199,238,45,151,807,280,0,126,0,9,199,238,45,151,807,280,0,126,24,Amherst College,Private,4,3,4,4,4,4,1,4,4,4,4,2,2,1,1,2,3,3,1
25_18_19,2018,0,2,48,52,2,39,291,45,1,30,0,4,147,189,12,107,1109,137,2,118,0,4,147,189,12,110,1109,137,2,118,25,Bowdoin College,Private,4,4,4,3,4,4,2,4,4,4,2,2,2,2,1,2,2,2,1
26_18_19,2018,0,5,469,1423,239,183,3457,678,6,332,0,61,2194,7641,1103,742,18398,2963,139,1323,0,62,2254,7798,1121,923,18822,3017,140,1354,26,University of Florida,Public,4,2,4,3,4,1,1,4,4,4,3,1,2,2,1,1,4,3,2
27_18_19,2018,0,2,30,57,14,55,155,66,1,34,0,5,125,204,62,210,643,265,2,116,0,5,125,208,63,215,647,265,2,117,27,Swarthmore College,Private,4,4,4,3,4,4,2,3,2,4,2,2,2,2,2,2,2,2,2
28_18_19,2018,0,2,175,549,20,455,1224,747,6,223,0,24,895,2983,249,2491,7667,4056,46,1137,0,24,897,2990,297,2664,7699,4150,47,1139,28,University of Southern California,Private,4,2,4,4,4,4,1,3,3,3,2,2,1,1,1,2,2,2,1
29_18_19,2018,0,3,266,495,355,292,3784,1131,0,369,0,35,1283,1904,1383,2107,17604,4416,15,1332,0,36,1284,1911,1399,2244,17656,4435,16,1337,29,UMich - Ann Arbor,Public,4,1,4,3,3,3,1,2,2,3,3,2,2,2,1,1,2,2,2
31_18_19,2018,0,30,371,364,178,222,2430,511,5,215,0,97,1481,1560,763,656,11411,2088,14,898,0,100,1496,1567,779,662,11494,2100,14,905,31,UNC,Public,4,3,3,4,4,4,1,4,4,4,2,2,1,4,1,2,3,3,1
38_18_19,2018,0,1,211,218,33,380,1422,723,0,128,0,5,1060,1101,494,1375,7302,3268,4,592,0,5,1117,1138,500,1525,7554,3586,4,620,38,Georgia Tech,Public,4,1,4,3,3,2,1,4,3,3,2,2,3,3,1,2,3,3,2
39_18_19,2018,0,5,154,1391,78,1084,601,2183,18,280,0,24,614,7750,342,5050,3986,10647,89,1234,0,24,614,7750,342,5050,3986,10647,89,1234,39,UC Irvine,Public,4,1,4,4,4,NA,1,4,4,3,2,1,2,2,1,1,4,4,1
40_18_19,2018,0,3,474,1089,76,936,3154,1584,8,285,0,17,1993,3967,189,4854,14582,6250,27,1095,0,18,2011,4011,303,5261,14857,6312,29,1113,40,UIUC,Public,4,1,4,3,3,1,1,3,3,2,2,1,2,2,1,2,2,2,1
41_18_19,2018,0,8,344,335,254,199,2442,907,0,223,0,33,3513,2900,691,1433,14987,5274,19,1334,0,33,3582,2934,797,1587,15138,5318,20,1353,41,UMD,Public,4,3,4,4,3,3,1,2,3,2,3,2,2,3,1,2,2,2,1
44_18_19,2018,0,34,187,588,96,1175,2584,1957,19,521,0,141,920,2584,332,4846,11985,7839,132,2299,0,142,931,2601,1068,4857,12139,7917,133,2311,44,University of Washington,Public,4,1,4,3,4,1,1,3,3,2,3,1,1,2,1,1,3,3,1
46_18_19,2018,0,8,404,2156,70,391,3342,2237,3,349,0,53,1704,9493,353,2160,16120,8916,38,1492,0,54,1712,9564,357,2248,16358,8967,39,1505,46,UT Austin,Public,4,4,4,4,4,4,1,4,4,4,4,1,4,4,NA,4,4,4,1
50_18_19,2018,0,13,118,390,239,595,4706,531,3,267,0,60,598,1603,459,3082,21543,1950,28,1037,0,65,658,1666,583,3558,22963,2060,28,1067,50,U-Wisconsin,Public,4,2,3,3,4,3,1,2,2,2,2,2,1,3,1,2,2,2,1
55_18_19,2018,0,2,109,144,88,99,883,138,1,81,0,10,454,598,351,381,3752,480,4,319,0,10,456,598,351,385,3768,485,4,320,55,William & Mary,Public,4,4,4,4,4,4,2,4,4,4,2,2,2,4,1,2,4,4,2
57_18_19,2018,0,7,23,648,126,62,2578,598,11,345,0,30,165,3585,923,438,11403,2785,39,1618,0,30,165,3586,924,475,11413,2787,39,1618,57,"Cal Poly State, San Luis Obispo",Public,4,1,4,4,1,1,1,2,2,1,2,1,2,1,1,1,2,2,2
62_18_19,2018,0,4,393,355,70,68,3957,636,6,238,0,25,2268,1864,281,432,20333,3053,22,1189,0,25,2272,1870,287,500,20387,3057,22,1191,62,University of Georgia,Public,4,1,4,3,2,2,1,2,2,2,2,1,1,1,1,1,2,2,1
63_18_19,2018,0,7,247,470,83,792,5385,946,5,422,0,36,942,1670,650,4653,20516,2851,24,1143,0,36,950,1684,652,4657,20664,2861,24,1144,63,Purdue University,Public,4,2,4,4,3,3,1,3,2,3,3,1,2,2,1,2,2,2,2
68_18_19,2018,0,19,269,290,170,160,3483,367,5,189,0,93,1319,1352,1040,852,16335,1742,15,910,0,95,1386,1406,1685,983,16902,1795,16,931,68,NC State,Public,4,4,4,4,2,2,1,2,2,2,2,2,2,2,1,2,2,2,2
74_18_19,2018,0,1,98,339,0,83,414,721,0,36,0,19,1264,3823,0,1614,2937,4747,19,206,0,19,1280,3912,0,1618,3141,4827,19,208,74,"CUNY, Baruch College",Public,4,1,4,4,3,3,2,2,2,2,1,1,1,1,1,1,1,2,1
75_18_19,2018,0,10,265,271,164,271,4092,662,2,240,0,79,1572,1372,391,2620,20970,3138,25,1288,0,89,1695,1438,1292,2891,22427,3419,28,1354,75,"University of Minnesota, Twin Cities",Public,4,4,4,4,1,1,1,2,2,2,2,2,2,1,1,2,2,2,1
01_19_20,2019,0,4,97,145,12,146,520,332,1,78,0,10,419,565,70,638,2136,1184,6,280,0,10,419,565,70,658,2136,1184,6,280,1,Princeton University,Private,4,4,4,4,4,4,2,4,4,4,2,2,2,1,1,2,2,2,1
02_19_20,2019,0,16,116,292,0,197,488,413,6,170,0,57,477,1156,25,747,2264,1590,25,653,0,57,477,1156,26,748,2264,1590,25,653,2,Stanford University,Private,4,4,4,4,4,4,2,4,4,4,2,2,2,1,1,2,2,2,1
04_19_20,2019,0,8,117,233,19,146,563,352,2,110,0,29,463,860,32,621,2460,1221,6,397,0,29,463,860,33,621,2461,1221,6,398,4,Yale University,Private,4,4,4,4,4,4,2,4,4,4,2,2,2,2,1,2,2,2,1
07_19_20,2019,0,3,190,241,110,312,813,551,0,120,0,11,770,1014,250,1347,3860,2254,5,508,0,13,958,1145,424,1610,4671,2466,6,579,7,University of Pennsylvania,Private,4,3,4,4,4,4,3,3,3,4,2,2,2,2,1,2,2,2,2
08_19_20,2019,0,4,146,195,28,214,559,370,1,127,0,16,597,735,91,814,2487,1433,3,519,0,16,597,738,92,863,2492,1435,3,519,8,Harvard University,Private,2,1,2,2,2,2,2,2,2,2,2,2,2,1,1,2,2,2,1
09_19_20,2019,0,0,72,156,6,105,296,280,0,46,0,4,293,644,54,477,1262,1054,6,184,0,4,293,644,55,487,1262,1054,6,184,9,Rice University,Private,4,4,4,4,4,4,2,4,4,4,2,2,2,2,1,2,2,2,2
10_19_20,2019,0,8,209,505,226,297,1117,647,3,177,0,45,999,2079,1206,1553,5359,2978,15,742,0,45,999,2079,1208,1618,5359,2978,15,742,10,Cornell University,Private,4,3,4,4,4,4,2,4,4,4,2,2,2,2,NA,2,2,2,1
11_19_20,2019,0,2,113,259,21,221,837,408,1,144,0,6,466,1032,283,841,3639,1523,3,526,0,0,0,0,0,0,0,0,0,0,11,Northwestern University,Private,4,4,4,4,3,3,2,3,3,3,2,2,1,1,NA,2,2,2,2
15_19_20,2019,0,6,188,156,72,190,666,241,4,81,0,31,756,691,319,661,3027,983,22,381,0,31,756,692,322,669,3029,983,22,382,15,Vanderbilt University,Private,4,4,4,4,4,3,2,4,3,4,2,2,2,2,1,2,2,2,1
16_19_20,2019,0,17,67,119,20,120,605,169,0,73,0,59,254,459,62,428,2207,646,8,242,0,59,254,459,83,455,2248,650,8,243,16,Dartmouth College,Private,4,4,4,4,4,4,2,4,3,4,2,2,2,1,1,2,2,2,2
17_19_20,2019,0,0,30,63,25,59,257,65,1,46,0,2,139,271,74,173,993,251,1,121,0,3,141,271,77,186,1024,254,1,121,17,Williams College,Private,4,4,4,NA,3,4,1,3,3,4,3,3,2,1,2,3,3,3,1
18_19_20,2019,0,3,126,163,78,190,673,306,3,118,0,24,463,759,316,782,2923,1140,12,415,0,24,468,769,401,932,2963,1172,12,419,18,Brown University,Private,4,4,4,4,4,4,2,3,4,4,2,2,2,2,1,2,2,2,1
19_19_20,2019,0,0,17,51,14,54,121,43,1,27,0,1,59,205,68,209,550,154,2,87,0,1,59,205,68,216,550,154,2,88,19,Claremont McKenna College,Private,4,4,4,4,3,4,3,4,3,4,2,2,2,1,1,2,2,2,1
21_19_20,2019,0,26,179,1428,131,982,1053,2218,6,0,0,119,876,6524,693,5433,5933,11156,60,0,0,119,876,6524,693,5433,5933,11156,60,0,21,UCSD,Public,4,1,4,4,4,1,1,3,3,3,2,1,2,3,1,1,3,2,1
22_19_20,2019,0,0,6,57,1,13,63,75,1,19,0,0,16,161,1,79,253,343,1,84,0,0,16,161,1,79,253,343,1,84,22,California Institute of Technology,Private,4,3,3,4,4,4,1,3,2,4,2,1,1,1,1,2,2,2,1
23_19_20,2019,0,0,40,71,8,81,207,153,0,52,0,2,159,313,9,313,874,551,0,170,0,2,160,314,110,330,877,554,0,172,23,Wellesley College,Private,4,3,4,3,3,4,2,3,3,4,2,2,2,2,1,2,2,2,2
24_19_20,2019,0,2,49,66,19,53,186,66,2,27,0,9,187,242,49,162,796,272,2,120,0,9,187,242,49,162,796,272,2,120,24,Amherst College,Private,4,3,4,4,4,4,1,4,4,4,3,2,2,1,1,2,3,3,1
25_19_20,2019,0,1,33,64,0,37,285,33,1,44,0,6,140,208,9,120,1086,132,3,128,0,6,140,208,9,121,1088,132,3,128,25,Bowdoin College,Private,4,4,4,3,4,4,2,4,4,4,2,2,2,2,1,2,2,2,1
26_19_20,2019,0,7,328,1333,135,250,3416,777,5,275,0,58,2025,7869,1114,858,17971,3179,73,1376,0,58,2061,7999,1163,1046,18354,3237,74,1413,26,University of Florida,Public,4,2,4,3,4,1,1,4,4,4,3,1,2,2,1,1,4,3,2
27_19_20,2019,0,2,35,57,15,64,145,63,1,35,0,6,128,210,66,230,632,258,2,125,0,6,128,211,66,234,636,258,2,126,27,Swarthmore College,Private,4,4,4,2,4,4,2,3,2,4,2,2,2,2,2,2,2,2,1
29_19_20,2019,0,13,242,518,366,305,3811,1227,2,346,0,37,1242,2138,1400,2298,17603,4843,13,1472,0,37,1245,2143,1410,2426,17659,4858,13,1475,29,UMich - Ann Arbor,Public,4,1,4,3,3,3,1,2,2,3,3,2,2,2,1,1,2,2,2
31_19_20,2019,0,14,371,374,142,207,2334,517,2,221,0,84,1541,1635,702,757,11182,2184,10,939,0,86,1548,1643,710,950,11257,2203,11,947,31,UNC,Public,4,3,3,4,4,4,1,4,4,4,2,2,1,4,1,2,3,3,1
38_19_20,2019,0,2,202,228,30,331,1372,773,2,136,0,7,1081,1126,400,1462,7175,3460,6,633,0,7,1119,1148,436,1639,7382,3757,6,665,38,Georgia Tech,Public,4,1,4,3,3,2,1,4,3,3,2,2,3,3,1,2,3,3,1
39_19_20,2019,0,3,112,1623,60,1145,649,2198,13,265,0,20,608,7820,355,5171,4039,10953,75,1341,0,20,608,7820,355,5171,4039,10953,75,1341,39,UC Irvine,Public,4,1,4,4,4,NA,1,4,4,3,2,1,2,2,1,1,4,4,1
40_19_20,2019,0,2,521,1144,85,961,3086,1614,3,249,0,9,2103,4283,236,4651,14253,6396,20,1129,0,9,2127,4320,362,5134,14533,6467,21,1147,40,UIUC,Public,4,1,4,3,3,1,1,3,3,2,2,1,2,2,1,2,2,2,1
41_19_20,2019,0,2,476,320,192,97,2031,971,1,195,0,30,3413,2820,870,1317,14615,5466,21,1353,0,30,3506,2851,988,1474,14758,5518,21,1365,41,UMD,Public,4,3,4,4,3,3,1,2,3,2,3,2,2,3,1,2,2,2,1
44_19_20,2019,0,21,179,653,122,1121,2408,1912,32,544,0,126,929,2751,438,4945,11422,7941,139,2351,0,127,938,2769,1177,4955,11584,7998,139,2359,44,University of Washington,Public,4,1,4,3,4,1,1,3,3,2,3,1,1,2,1,1,3,3,1
46_19_20,2019,0,6,326,2123,54,309,2950,2059,5,338,0,54,1677,9738,334,2034,15400,9003,32,1511,0,54,1686,9800,338,2099,15565,9064,32,1525,46,UT Austin,Public,4,4,4,4,4,4,1,4,4,4,4,1,4,4,4,4,4,4,1
50_19_20,2019,0,10,113,436,273,645,5148,646,6,273,0,55,594,1709,751,3209,21537,2201,26,1103,0,59,637,1769,881,3659,22982,2307,26,1136,50,U-Wisconsin,Public,4,2,3,3,4,3,1,2,2,2,2,1,1,3,1,2,2,2,1
55_19_20,2019,0,3,87,135,63,108,854,174,2,104,0,11,413,605,310,375,3639,524,5,358,0,11,413,607,316,375,3644,526,5,359,55,William & Mary,Public,4,4,4,4,4,4,2,4,4,4,2,2,2,4,1,2,4,4,2
57_19_20,2019,0,4,38,774,118,68,2551,670,16,374,0,29,171,3590,804,428,10976,2783,44,1579,0,29,171,3591,804,469,10984,2783,44,1579,57,"Cal Poly State, San Luis Obispo",Public,4,1,4,4,1,1,1,2,2,1,2,1,2,1,1,1,2,2,1
62_19_20,2019,0,1,400,331,65,68,3758,639,4,233,0,20,2232,1946,283,416,20409,3128,25,1219,0,20,2236,1951,286,479,20485,3141,25,1225,62,University of Georgia,Public,4,1,4,3,2,2,1,2,2,2,2,1,1,1,1,1,2,2,1
63_19_20,2019,0,9,205,460,107,1061,5002,877,4,331,0,35,926,1862,554,4649,21031,3129,19,1256,0,35,931,1876,558,4651,21174,3138,19,1264,63,Purdue University,Public,4,2,4,4,3,3,1,3,2,3,3,1,2,2,1,2,2,2,2
68_19_20,2019,0,30,260,295,188,142,3377,391,2,188,0,104,1407,1494,1019,885,16530,1849,17,933,0,108,1515,1612,1389,1058,17322,1980,18,971,68,NC State,Public,4,4,4,4,2,2,1,2,2,2,2,2,2,2,1,2,2,2,2
70_19_20,2019,0,14,262,2856,12,60,5841,1179,4,385,0,107,1389,13110,85,602,31522,4526,34,1748,0,108,1413,13315,97,728,31765,4569,36,1760,70,Texas A&M,Public,4,4,4,4,3,2,1,4,4,2,3,NA,3,3,1,1,3,3,2
74_19_20,2019,0,2,154,525,0,99,436,959,2,91,0,20,1305,3854,0,1486,2993,5063,21,324,0,21,1329,3942,0,1520,3180,5144,21,325,74,"CUNY, Baruch College",Public,4,1,4,4,3,3,2,2,2,2,1,1,1,1,1,1,1,2,1
75_19_20,2019,0,16,257,264,147,450,4102,748,3,291,0,74,1627,1433,496,2619,20472,3274,22,1350,0,96,1799,1549,2093,2884,21675,3626,23,1420,75,"University of Minnesota, Twin Cities",Public,4,4,4,4,1,1,1,2,2,2,2,2,2,1,1,2,2,2,1
01_20_21,2020,0,0,114,99,13,129,412,296,2,81,0,9,418,499,53,546,1702,1179,5,277,0,0,0,0,0,0,0,0,0,0,1,Princeton University,Private,4,4,4,4,4,4,2,4,4,4,2,2,2,1,1,2,2,2,1
02_20_21,2020,0,12,133,287,2,159,402,455,3,153,0,62,473,1082,14,679,1846,1579,22,609,0,62,473,1082,14,679,1846,1579,22,609,2,Stanford University,Private,4,4,4,4,4,4,2,4,4,4,2,2,2,1,1,2,2,2,1
04_20_21,2020,0,3,112,177,8,117,416,353,2,76,0,13,428,707,18,472,1644,1123,5,293,0,13,428,707,18,472,1644,1123,5,293,4,Yale University,Private,4,4,4,2,4,4,2,4,4,4,2,2,2,2,1,2,2,2,1
05_20_21,2020,0,2,139,1367,199,730,1059,2279,7,335,0,25,657,5751,1010,3879,6726,10884,50,1814,0,25,658,5751,1010,3880,6726,10884,50,1815,5,UC Berkeley,Public,4,1,4,2,4,2,1,3,2,3,2,1,1,2,1,1,3,3,1
07_20_21,2020,0,5,163,246,102,259,699,710,1,100,0,13,762,1033,316,1286,3545,2433,6,478,0,14,890,1116,371,1324,4252,2616,6,566,7,University of Pennsylvania,Private,4,3,4,4,4,4,3,3,3,4,2,2,2,2,1,2,2,2,2
09_20_21,2020,0,0,77,144,9,102,303,303,1,54,0,3,308,650,42,479,1246,1118,5,201,0,3,308,651,43,497,1249,1119,5,201,9,Rice University,Private,4,4,4,4,4,4,2,4,4,4,2,2,2,2,1,2,2,2,2
10_20_21,2020,0,7,258,530,215,291,1060,731,3,154,0,35,1057,2158,1111,1433,5121,3071,16,739,0,35,1057,2158,1113,1433,5121,3071,16,739,10,Cornell University,Private,4,3,4,4,4,4,2,4,4,4,2,2,2,2,NA,2,2,2,1
11_20_21,2020,0,2,113,294,71,177,717,420,0,107,0,7,483,1062,285,831,3396,1604,2,514,0,7,484,1064,288,831,3398,1605,2,515,11,Northwestern University,Private,4,4,4,2,3,3,2,3,3,3,2,2,1,1,1,2,2,2,2
15_20_21,2020,0,7,195,189,68,148,672,319,2,98,0,27,779,710,328,665,2992,1128,22,401,0,27,779,710,330,665,2994,1129,22,401,15,Vanderbilt University,Private,4,4,4,4,4,3,2,4,3,4,2,2,2,2,1,2,2,2,1
16_20_21,2020,0,14,62,113,16,112,508,162,0,70,0,56,245,430,70,439,2032,629,4,241,0,56,245,431,76,448,2036,632,4,242,16,Dartmouth College,Private,4,4,4,4,4,4,2,4,3,4,2,2,2,1,1,2,2,2,2
17_20_21,2020,0,0,15,52,23,42,223,90,0,37,0,1,129,252,99,166,873,272,1,124,0,1,130,255,109,166,900,275,1,125,17,Williams College,Private,4,4,4,4,3,4,1,3,3,4,3,3,2,1,2,3,3,3,1
18_20_21,2020,0,8,124,191,30,193,722,353,3,127,0,23,480,739,242,734,2760,1227,10,417,0,24,482,745,295,807,2773,1238,10,418,18,Brown University,Private,4,4,4,4,4,4,2,3,4,4,2,2,2,2,1,2,2,2,1
19_20_21,2020,0,0,23,55,14,41,107,53,1,21,0,2,63,215,63,179,478,170,2,90,0,2,63,215,63,179,478,170,2,90,19,Claremont McKenna College,Private,4,4,4,2,3,4,3,4,3,4,2,2,2,1,1,2,2,2,NA
20_20_21,2020,0,4,125,156,81,96,636,368,0,114,0,34,582,673,319,538,2698,1426,3,377,0,0,0,0,0,0,0,0,0,0,20,Duke University,Private,4,4,4,4,4,4,2,4,4,4,2,2,2,2,2,2,2,2,2
21_20_21,2020,0,28,195,1113,192,1127,1081,2704,7,0,0,130,951,6624,792,5422,6045,11829,49,0,0,130,951,6624,792,5422,6045,11829,49,0,21,UCSD,Public,4,2,4,1,4,1,1,3,3,3,2,1,2,3,1,1,3,2,NA
22_20_21,2020,0,0,4,38,4,21,48,89,0,21,0,0,17,163,4,68,211,358,1,79,0,0,17,163,4,68,211,358,1,79,22,California Institute of Technology,Private,4,3,3,4,4,4,1,3,2,4,2,1,1,1,1,2,2,2,1
23_20_21,2020,0,0,40,96,4,79,203,129,1,29,0,2,161,317,11,307,798,517,1,146,0,2,161,318,26,307,800,519,1,146,23,Wellesley College,Private,4,3,4,2,3,4,2,3,3,4,2,2,2,2,1,2,2,2,2
24_20_21,2020,0,0,47,72,1,57,157,71,1,28,0,10,182,244,30,178,705,270,3,123,0,10,182,244,30,178,705,270,3,123,24,Amherst College,Private,4,3,4,2,4,4,1,4,4,4,3,2,2,1,1,2,3,3,1
25_20_21,2020,0,2,27,43,1,30,267,49,0,44,0,6,137,189,8,128,998,166,1,143,0,6,137,189,8,128,999,166,1,143,25,Bowdoin College,Private,4,4,4,3,4,4,2,4,4,4,2,2,2,2,1,2,2,2,1
26_20_21,2020,0,3,350,1392,123,100,3277,780,0,308,0,47,1962,7997,963,816,17617,3324,35,1476,0,49,2006,8136,986,846,17992,3377,35,1504,26,University of Florida,Public,4,2,4,3,4,1,1,4,4,4,3,1,2,2,1,1,3,3,1
27_20_21,2020,0,0,30,52,10,53,109,83,0,36,0,4,115,188,52,216,474,256,2,128,0,4,117,188,52,216,474,256,2,128,27,Swarthmore College,Private,4,4,4,2,4,4,2,3,2,4,2,2,2,2,2,2,2,2,1
28_20_21,2020,0,4,204,596,47,418,1055,931,7,198,0,25,974,3228,349,2339,6853,4509,56,1188,0,25,975,3231,398,2351,6860,4518,58,1190,28,University of Southern California,Private,4,1,4,4,4,4,1,3,3,3,2,2,1,1,1,2,2,2,1
29_20_21,2020,0,6,235,433,403,242,3870,1334,2,354,0,36,1246,2176,1607,2282,17243,5083,14,1502,0,36,1249,2187,1615,2302,17307,5111,14,1508,29,UMich - Ann Arbor,Public,4,1,4,3,3,3,1,2,2,3,3,2,2,2,1,1,2,2,2
31_20_21,2020,0,14,379,429,109,207,2461,610,2,234,0,77,1629,1808,581,844,10955,2361,10,1011,0,79,1641,1818,582,852,11020,2379,10,1018,31,UNC,Public,4,3,3,4,4,4,1,4,4,4,2,2,1,4,1,2,3,3,1
34_20_21,2020,0,2,269,269,201,145,2038,650,3,208,0,15,1160,1144,861,701,9408,2723,14,879,0,15,1177,1172,872,720,9706,2744,14,894,34,UVA,Public,4,4,4,3,3,4,1,3,3,4,2,2,2,4,1,2,2,2,1
38_20_21,2020,0,0,227,231,48,306,1377,920,1,150,0,0,1139,1176,287,1490,7031,3915,5,697,0,0,1170,1211,344,1520,7271,4308,5,732,38,Georgia Tech,Public,4,1,4,3,4,2,1,4,2,4,2,2,3,3,1,2,4,4,1
39_20_21,2020,0,3,76,1288,69,974,641,2424,13,277,0,21,586,7455,348,4841,3832,11099,67,1389,0,21,586,7455,348,4841,3832,11099,67,1389,39,UC Irvine,Public,4,1,4,1,4,NA,1,4,4,3,2,1,2,2,1,1,4,4,1
40_20_21,2020,0,1,499,1122,110,914,2890,1727,2,264,0,9,2120,4599,306,4303,13842,6646,13,1163,0,9,2138,4637,462,4442,14088,6703,13,1191,40,UIUC,Public,4,1,4,3,3,1,1,3,3,2,2,1,2,2,1,2,2,2,1
41_20_21,2020,0,1,487,357,193,109,1947,976,1,242,0,31,3556,2986,1039,1195,14170,5796,22,1419,0,32,3700,3045,1158,1203,14387,5890,22,1438,41,UMD,Public,4,3,4,4,4,4,1,2,4,2,3,2,2,3,1,2,2,2,1
44_20_21,2020,0,22,233,609,120,1036,2430,1994,23,560,0,126,1005,2854,485,4689,11194,8250,134,2408,0,132,1016,2888,4516,4712,11444,8315,135,2424,44,University of Washington,Public,4,1,4,1,4,1,1,3,3,2,3,1,1,2,1,1,3,3,1
46_20_21,2020,0,7,418,2417,85,305,2761,2120,2,344,0,44,1775,10351,323,1592,14716,9224,25,1574,0,44,1796,10448,329,1602,14937,9280,25,1587,46,UT Austin,Public,2,2,2,2,2,2,2,2,2,2,2,1,2,2,2,2,2,2,1
50_20_21,2020,0,17,176,520,216,550,4849,675,5,298,0,64,642,1933,899,2983,21508,2463,21,1137,0,69,716,1992,1040,3093,22899,2578,22,1176,50,U-Wisconsin,Public,4,2,3,2,4,1,1,2,2,2,2,1,1,3,NA,2,2,2,1
55_20_21,2020,0,2,109,115,68,60,908,161,1,97,0,8,437,546,293,297,3687,562,5,382,0,8,437,549,296,297,3699,562,5,383,55,William & Mary,Public,4,4,4,4,4,4,2,4,4,4,2,2,2,4,1,2,4,4,2
57_20_21,2020,0,2,23,832,111,70,2676,673,6,395,0,27,164,3942,747,447,11522,2881,48,1664,0,27,164,3944,748,447,11523,2881,48,1665,57,"Cal Poly State, San Luis Obispo",Public,4,1,4,4,1,1,1,2,2,1,2,1,2,1,1,1,2,2,1
62_20_21,2020,0,5,339,396,67,47,3812,736,1,243,0,19,2100,2036,303,350,20359,3223,23,1263,0,19,2103,2039,305,351,20426,3235,23,1264,62,University of Georgia,Public,4,1,4,3,2,2,1,2,2,2,2,1,1,1,1,1,2,2,1
63_20_21,2020,0,5,196,580,123,883,5507,1140,5,430,0,31,902,2074,437,4246,21881,3682,22,1461,0,31,906,2092,439,4246,22013,3702,22,1469,63,Purdue University,Public,4,2,4,4,3,3,1,3,2,3,3,1,2,2,1,2,2,2,2
68_20_21,2020,0,21,271,313,50,94,3304,454,6,234,0,100,1435,1655,777,799,16895,1950,23,1037,0,104,1544,1790,979,844,17673,2101,23,1092,68,NC State,Public,4,4,4,4,2,2,1,2,2,2,2,2,2,2,1,2,2,2,2
70_20_21,2020,0,19,246,2779,16,54,6208,1349,5,434,0,99,1093,10992,79,614,25766,3705,28,1477,0,119,1361,14001,99,683,32211,5131,33,1930,70,Texas A&M,Public,4,4,4,4,3,2,1,4,4,2,3,NA,3,3,1,1,3,3,2
74_20_21,2020,0,2,163,533,0,66,417,809,0,65,0,24,1323,3931,0,1342,3098,5324,15,399,0,24,1337,4012,0,1344,3241,5396,15,405,74,"CUNY, Baruch College",Public,4,1,4,NA,3,3,2,2,2,2,1,1,1,1,1,1,1,2,1
75_20_21,2020,0,22,339,277,103,282,3895,764,4,280,0,82,1840,1494,531,2275,19925,3376,21,1363,0,111,2076,1669,2523,2314,21953,3930,28,1457,75,"University of Minnesota, Twin Cities",Public,4,4,4,4,1,1,1,2,2,2,2,2,2,1,1,2,2,2,1
01_21_22,2021,0,2,102,146,26,159,484,273,1,95,0,10,436,551,73,610,2016,1199,5,336,0,0,0,0,0,0,0,0,0,0,1,Princeton University,Private,4,4,4,4,4,4,2,4,4,4,2,2,2,1,1,2,2,2,1
02_21_22,2021,0,17,164,387,5,247,504,580,6,215,0,67,547,1339,19,818,2139,1917,21,778,0,67,547,1339,19,818,2139,1917,21,778,2,Stanford University,Private,4,4,4,4,4,4,2,4,4,4,2,2,2,1,1,2,2,2,1
03_21_22,2021,0,1,118,163,33,120,238,415,0,89,0,6,336,702,92,472,1116,1536,4,365,0,6,336,702,92,481,1116,1536,4,365,3,Massachusetts Institute of Technology,Private,3,2,3,3,3,3,3,3,3,4,2,1,2,1,1,2,2,2,1
04_21_22,2021,0,5,153,277,41,206,623,352,3,126,0,24,524,972,68,672,2429,1399,8,439,0,24,524,972,68,673,2429,1399,8,439,4,Yale University,Private,4,4,4,2,4,4,2,4,4,4,2,2,2,2,1,2,2,2,1
05_21_22,2021,0,12,137,1380,269,911,1310,2483,11,418,0,36,679,6300,1013,4179,6591,11104,48,1861,0,0,0,0,0,0,0,0,0,0,5,UC Berkeley,Public,4,1,4,2,4,2,1,3,2,3,2,1,1,2,1,1,3,3,1
06_21_22,2021,0,6,156,272,25,202,475,311,4,109,0,30,557,1047,94,1083,2014,1429,8,448,0,0,0,0,0,0,0,0,0,0,6,Columbia University (ONLY Columbia College and Columbia Engineering),Private,4,4,4,2,4,4,2,4,3,4,2,2,2,1,1,2,2,2,1
07_21_22,2021,0,2,188,251,112,310,717,647,0,111,0,11,773,1028,396,1311,3350,2615,3,475,0,11,773,1028,396,1311,3350,2615,3,475,7,University of Pennsylvania,Private,4,3,4,4,4,4,3,3,3,4,2,2,2,2,1,2,2,2,2
08_21_22,2021,0,5,186,228,19,287,650,431,4,139,0,16,665,827,80,883,2530,1555,7,532,0,16,665,831,80,934,2533,1555,7,532,8,Harvard University,Private,2,1,2,2,2,2,2,2,2,2,2,2,2,1,1,2,2,2,1
09_21_22,2021,0,2,102,183,23,156,319,371,2,59,0,2,337,660,48,524,1257,1203,4,205,0,2,337,660,48,530,1258,1203,4,205,9,Rice University,Private,4,4,4,4,4,4,2,4,4,4,2,2,2,2,1,2,2,2,2
10_21_22,2021,0,14,338,583,203,365,1160,831,7,217,0,43,1129,2285,1032,1507,5265,3350,19,821,0,43,1129,2285,1033,1558,5265,3350,19,821,10,Cornell University,Private,4,3,4,2,4,4,2,4,4,4,2,2,2,2,1,2,2,2,1
11_21_22,2021,0,2,154,351,75,216,723,401,0,164,0,6,515,1176,272,869,3339,1739,1,567,0,6,517,1178,272,870,3341,1741,1,568,11,Northwestern University,Private,4,4,4,2,4,4,2,4,4,4,2,2,1,1,1,2,2,2,2
12_21_22,2021,0,0,137,304,27,222,285,352,0,93,0,4,479,1056,117,785,1368,1524,3,391,0,0,0,0,0,0,0,0,0,0,12,Johns Hopkins University,Private,4,4,4,4,4,4,1,3,3,3,2,1,2,1,1,2,3,3,1
14_21_22,2021,0,0,162,332,105,313,626,374,0,141,0,1,456,1122,210,1186,2513,1499,1,525,0,1,456,1122,210,1199,2513,1499,1,525,14,University of Chicago,Private,4,2,2,2,4,4,1,4,4,4,2,2,2,2,2,2,2,2,2
15_21_22,2021,0,6,193,207,65,169,608,274,7,97,0,26,760,758,294,721,2940,1181,20,404,0,26,760,758,295,721,2944,1183,20,404,15,Vanderbilt University,Private,4,4,4,4,4,1,2,4,3,4,2,2,2,2,1,2,2,2,1
16_21_22,2021,0,18,74,128,18,166,573,154,0,90,0,53,243,453,80,528,2254,642,1,279,0,53,243,454,83,540,2260,643,1,279,16,Dartmouth College,Private,4,4,4,4,4,4,2,4,3,4,2,2,2,1,1,2,2,2,2
17_21_22,2021,0,0,20,74,27,42,302,68,0,41,0,1,98,258,107,175,1053,286,0,143,0,1,99,260,107,187,1080,289,0,143,17,Williams College,Private,4,4,4,4,3,4,1,3,3,4,3,3,2,1,2,3,3,3,1
18_21_22,2021,0,6,162,224,39,192,643,301,2,136,0,24,541,802,217,787,2941,1295,12,506,0,24,545,811,292,899,2952,1304,12,510,18,Brown University,Private,4,4,4,2,4,4,1,3,4,4,2,2,2,2,1,2,2,2,1
19_21_22,2021,0,0,21,60,22,63,121,50,1,20,0,1,73,221,77,217,521,205,4,95,0,1,73,221,77,219,521,205,4,95,19,Claremont McKenna College,Private,4,4,4,2,3,4,3,4,3,4,2,2,2,1,1,2,2,2,1
20_21_22,2021,0,4,143,226,65,172,670,329,0,135,0,27,548,719,307,584,2727,1464,1,438,0,27,555,721,333,595,2741,1469,1,441,20,Duke University,Private,4,4,4,4,4,4,2,4,4,4,2,2,2,2,2,2,2,2,2
21_21_22,2021,0,28,195,1113,192,1127,1081,2704,7,0,0,130,951,6624,792,5422,6045,11829,49,0,0,130,951,6624,792,5422,6045,11829,49,0,21,UCSD,Public,4,2,4,1,4,1,1,3,3,3,2,1,2,3,1,1,3,2,NA
22_21_22,2021,0,1,12,80,0,26,43,75,0,33,0,1,25,220,4,78,224,341,1,93,0,1,25,220,4,78,224,341,1,93,22,California Institute of Technology,Private,4,3,3,4,4,4,1,3,2,4,2,1,1,1,1,2,2,2,1
23_21_22,2021,0,1,70,99,1,88,190,114,3,37,0,1,188,354,6,332,824,524,4,150,0,1,189,354,72,340,826,524,4,151,23,Wellesley College,Private,4,4,4,1,1,4,1,3,3,4,2,2,2,2,1,2,2,2,2
24_21_22,2021,0,0,61,89,4,60,184,74,1,41,0,5,203,304,39,206,764,299,4,147,0,5,203,304,39,206,764,299,4,147,24,Amherst College,Private,4,3,4,2,4,4,1,4,4,4,3,2,2,1,1,2,3,3,1
25_21_22,2021,0,0,25,72,0,38,271,57,1,53,0,4,115,217,8,137,1119,174,2,172,0,4,115,217,8,139,1120,174,2,172,25,Bowdoin College,Private,4,4,4,3,4,4,2,4,4,4,2,2,2,2,1,2,2,2,1
26_21_22,2021,0,6,309,1537,100,142,3424,875,1,393,0,36,1772,8192,740,820,17346,3502,19,1617,0,38,1824,8390,771,942,17727,3530,19,1640,26,University of Florida,Public,4,2,4,3,4,1,1,4,4,4,3,1,2,2,1,1,3,3,1
27_21_22,2021,0,2,43,63,12,73,144,73,0,44,0,5,126,224,47,255,545,287,2,152,0,5,127,225,47,255,550,287,2,153,27,Swarthmore College,Private,4,4,4,2,4,4,2,3,2,4,2,2,2,2,2,2,2,2,1
28_21_22,2021,0,8,328,733,56,470,969,872,5,227,0,29,1222,3576,373,2478,6657,4961,54,1269,0,29,1222,3581,426,2562,6674,4971,55,1270,28,University of Southern California,Private,4,1,4,4,4,4,1,3,3,3,2,2,1,1,1,2,2,2,1
29_21_22,2021,0,9,309,640,376,407,3803,1339,2,405,0,36,1262,2352,1620,2617,17067,5481,11,1617,0,37,1267,2358,1630,2737,17124,5499,11,1619,29,UMich - Ann Arbor,Public,4,1,4,3,3,3,1,2,2,3,3,2,2,2,1,1,2,2,2
31_21_22,2021,0,19,418,435,114,286,2519,635,2,261,0,72,1692,1913,517,1051,10963,2494,14,1027,0,72,1696,1917,518,1109,11035,2504,14,1032,31,UNC,Public,4,3,3,4,4,4,1,4,4,4,2,2,1,4,1,2,3,3,1
34_21_22,2021,0,2,250,247,219,187,2033,719,1,231,0,12,1137,1145,834,727,9277,2852,13,939,0,12,1162,1182,846,773,9482,2879,13,950,34,UVA,Public,4,4,4,2,3,3,1,3,3,4,1,1,1,4,1,2,2,2,1
38_21_22,2021,0,3,290,292,51,334,1336,1023,0,142,0,10,1239,1306,202,1772,6852,4450,5,716,0,10,1271,1338,260,1853,7065,4894,5,751,38,Georgia Tech,Public,4,1,4,3,4,2,1,4,2,4,2,2,3,3,1,2,4,4,4
39_21_22,2021,0,10,181,2001,108,907,739,2144,7,392,0,26,620,7606,374,4479,3916,10886,57,1485,0,26,620,7606,374,4479,3916,10886,57,1485,39,UC Irvine,Public,4,1,4,1,4,NA,1,4,4,3,2,1,2,2,1,1,4,4,1
40_21_22,2021,0,5,448,1101,129,1128,2959,2179,3,345,0,13,2062,4759,371,4351,13706,7362,13,1252,0,13,2090,4794,527,4739,13916,7406,13,1281,40,UIUC,Public,4,1,4,3,3,1,1,3,3,3,3,1,2,2,1,3,3,3,1
41_21_22,2021,0,10,631,555,297,170,2670,1428,4,270,0,37,3549,3097,1231,1024,13771,6215,19,1425,0,37,3636,3142,1359,1101,13919,6271,19,1438,41,UMD,Public,4,3,4,4,3,3,1,2,3,2,3,2,2,3,1,2,2,2,1
44_21_22,2021,0,16,245,677,248,897,2513,2058,22,576,0,113,1075,2949,674,4385,11173,8436,121,2441,0,115,1086,2969,5224,4409,11321,8507,121,2454,44,University of Washington,Public,4,1,4,1,4,1,1,3,3,2,3,1,1,2,1,1,3,3,1
46_21_22,2021,0,6,406,2636,126,384,2782,2356,3,361,0,37,1810,11009,394,1728,14189,9687,23,1629,0,37,1824,11087,399,1827,14357,9725,23,1637,46,UT Austin,Public,2,2,2,2,2,2,2,2,2,2,2,1,2,2,2,2,2,2,1
50_21_22,2021,0,24,188,695,325,816,5191,822,5,399,0,79,695,2266,1064,3231,21958,2848,23,1342,0,83,764,2323,1179,3436,23317,2963,25,1384,50,U-Wisconsin,Public,4,2,3,2,4,3,1,2,2,2,2,1,1,3,1,2,2,2,1
55_21_22,2021,0,2,96,155,44,68,1014,199,1,105,0,9,423,575,265,322,3846,681,4,396,0,9,425,575,268,322,3857,683,4,400,55,William & Mary,Public,4,4,4,4,4,4,2,4,4,4,2,2,2,4,1,2,4,4,2
57_21_22,2021,0,9,37,959,162,56,2538,731,10,382,0,26,146,4092,649,424,11187,2881,50,1600,0,26,146,4092,649,449,11198,2882,50,1601,57,"Cal Poly State, San Luis Obispo",Public,4,1,4,1,1,1,1,2,2,1,2,1,2,1,1,1,2,2,1
62_21_22,2021,0,2,329,361,100,71,3916,815,3,222,0,19,1970,2094,341,338,20490,3443,23,1271,0,19,1986,2100,343,372,20595,3454,23,1274,62,University of Georgia,Public,4,1,4,3,2,2,1,2,2,2,2,1,1,1,1,1,2,2,1
63_21_22,2021,0,12,242,671,168,852,6392,1386,4,464,0,37,922,2305,493,4163,23035,4367,22,1614,0,37,926,2314,495,4166,23136,4385,23,1619,63,Purdue University,Public,4,2,4,4,3,3,1,3,2,3,3,1,2,2,1,2,2,2,2
68_21_22,2021,0,20,300,397,42,109,3527,436,2,213,0,101,1468,1846,581,710,17093,2092,19,1089,0,103,1599,1970,768,838,17863,2214,19,1131,68,NC State,Public,4,4,4,3,3,2,1,2,2,2,2,2,2,2,1,2,2,2,2
70_21_22,2021,0,27,269,3025,34,91,6754,1636,2,485,0,116,1261,14015,126,614,32067,5757,25,2049,0,119,1293,14194,138,728,32326,5830,25,2070,70,Texas A&M,Public,4,4,4,4,3,2,1,4,4,2,3,NA,3,3,1,1,3,3,2
74_21_22,2021,0,6,265,943,0,105,381,781,1,50,0,24,1375,4223,0,1261,2867,5306,10,417,0,24,1379,4283,0,1308,3039,5398,10,418,74,"CUNY, Baruch College",Public,4,1,4,2,3,3,2,2,2,2,1,1,1,1,1,1,1,2,1
75_21_22,2021,0,12,525,419,119,287,4219,962,2,338,0,76,2187,1593,610,1900,19313,3629,16,1410,0,103,2500,1853,1652,2011,22459,4094,24,1513,75,"University of Minnesota, Twin Cities",Public,4,4,4,2,2,2,1,2,2,2,2,2,2,2,2,2,2,2,1
01_22_23,2022,0,2,128,125,30,222,505,375,2,108,0,7,441,554,86,681,2076,1299,6,377,0,7,441,554,86,694,2076,1299,6,377,1,Princeton University,Private,4,4,4,4,4,4,2,4,4,4,2,2,2,1,1,2,2,2,1
02_22_23,2022,0,17,126,289,5,233,381,505,5,172,0,68,572,1364,19,888,2009,2045,18,778,0,70,653,1482,19,888,2034,2073,18,812,2,Stanford University,Private,4,4,4,4,4,4,2,4,4,4,2,2,2,1,1,2,2,2,1
03_22_23,2022,0,2,94,163,47,124,236,400,0,70,0,8,362,687,118,511,1024,1581,2,345,0,8,362,687,118,530,1024,1581,2,345,3,Massachusetts Institute of Technology,Private,3,2,3,3,3,3,3,3,3,4,2,1,2,1,1,2,2,2,1
04_22_23,2022,0,6,145,224,45,180,486,349,2,117,0,21,551,983,93,690,2333,1486,10,472,0,21,552,983,93,690,2336,1488,10,472,4,Yale University,Private,4,4,4,2,4,4,2,4,4,4,2,2,2,2,1,2,2,2,1
05_22_23,2022,0,8,117,1401,228,686,1313,2521,4,448,0,35,671,6608,1042,4161,6580,11387,45,1946,0,0,0,0,0,0,0,0,0,0,5,UC Berkeley,Public,4,1,4,2,4,2,1,3,2,3,2,1,1,2,1,1,3,3,1
06_22_23,2022,0,6,131,286,22,232,373,287,4,122,0,25,552,1121,87,1065,1915,1415,10,478,0,0,0,0,0,0,0,0,0,0,6,Columbia University (ONLY Columbia College and Columbia Engineering),Private,4,4,4,2,4,4,1,4,3,4,2,2,2,1,1,2,2,2,1
07_22_23,2022,0,3,219,259,113,318,629,709,0,165,0,11,771,1012,450,1308,3008,2688,1,511,0,11,771,1012,450,1308,3008,2688,1,511,7,University of Pennsylvania,Private,4,3,4,4,4,4,3,3,3,4,2,2,2,2,1,2,2,2,1
08_22_23,2022,0,7,165,193,20,252,476,403,5,123,0,20,665,852,79,947,2436,1623,10,546,0,20,665,853,79,1002,2440,1624,10,547,8,Harvard University,Private,2,1,2,2,2,2,2,2,2,2,2,2,2,1,1,2,2,2,1
09_22_23,2022,0,4,100,199,21,160,307,350,0,60,0,5,355,693,66,560,1263,1320,3,215,0,5,355,693,66,573,1264,1320,3,215,9,Rice University,Private,4,2,4,2,4,4,2,4,4,4,2,2,2,2,1,1,2,2,2
10_22_23,2022,0,5,290,538,210,336,1071,823,5,213,0,30,839,1734,717,1153,4016,2802,15,633,0,40,1150,2311,943,1591,5147,3670,21,862,10,Cornell University,Private,4,3,4,2,4,4,2,4,4,4,2,2,2,2,1,2,2,2,1
11_22_23,2022,0,3,169,304,70,205,678,437,5,167,0,8,569,1234,291,907,3186,1818,6,618,0,8,570,1239,291,911,3195,1821,6,618,11,Northwestern University,Private,4,4,4,2,4,4,2,4,4,4,2,2,2,1,1,2,2,2,2
12_22_23,2022,0,3,152,324,24,201,234,372,0,96,0,5,522,1151,82,835,1164,1504,1,379,0,0,0,0,0,0,0,0,0,0,12,Johns Hopkins University,Private,4,4,4,2,4,4,1,3,3,3,2,1,2,1,1,NA,3,3,1
14_22_23,2022,0,0,153,369,32,266,487,293,0,129,0,1,502,1215,150,1190,2393,1480,1,527,0,1,502,1215,150,1201,2393,1480,1,527,14,University of Chicago,Private,4,2,2,2,4,4,1,4,4,4,2,NA,2,2,NA,1,2,2,1
15_22_23,2022,0,11,178,192,62,169,608,292,7,100,0,29,743,787,276,725,2901,1250,21,412,0,29,743,787,276,729,2904,1250,21,412,15,Vanderbilt University,Private,4,4,4,3,4,3,2,4,3,4,2,2,2,2,1,2,2,2,1
16_22_23,2022,0,13,68,103,23,171,509,154,0,83,0,50,266,429,85,586,2096,600,0,300,0,50,266,429,90,619,2101,602,1,300,16,Dartmouth College,Private,4,4,4,4,4,4,2,4,3,4,2,2,2,1,1,2,2,2,2
17_22_23,2022,0,0,41,91,22,52,245,79,0,47,0,0,107,269,95,187,1019,288,1,163,0,0,107,269,96,190,1036,288,1,165,17,Williams College,Private,4,4,4,2,3,4,1,3,3,4,3,2,2,1,2,3,3,3,1
18_22_23,2022,0,6,172,216,43,232,540,357,4,147,0,27,594,839,213,831,2764,1377,13,564,0,27,595,862,365,1044,2779,1388,13,566,18,Brown University,Private,4,4,4,2,4,4,1,3,4,4,2,2,2,2,1,2,2,2,1
19_22_23,2022,0,0,19,51,12,48,108,55,0,29,0,1,82,226,58,210,490,215,3,98,0,1,82,226,58,213,490,215,3,98,19,Claremont McKenna College,Private,4,4,4,2,3,4,3,4,3,4,2,2,2,1,1,2,2,2,1
21_22_23,2022,0,28,195,1113,192,1127,1081,2704,7,0,0,130,951,6624,792,5422,6045,11829,49,0,0,130,951,6624,792,5422,6045,11829,49,0,21,UCSD,Public,4,2,4,1,4,1,1,3,3,3,2,1,2,3,1,1,3,2,NA
22_22_23,2022,0,0,11,41,1,31,44,82,0,14,0,1,34,216,5,92,208,338,1,87,0,1,34,216,5,92,208,338,1,87,22,California Institute of Technology,Private,4,3,3,4,4,1,1,3,2,4,2,1,1,1,1,2,2,2,1
23_22_23,2022,0,2,44,87,2,92,171,137,0,51,0,3,179,356,11,340,766,532,0,166,0,3,182,357,43,353,788,549,0,172,23,Wellesley College,Private,4,3,4,2,3,4,1,3,3,4,2,2,2,2,1,2,2,2,2
24_22_23,2022,0,2,49,75,7,56,175,57,0,46,0,4,205,301,36,218,725,263,4,142,0,4,205,301,36,218,725,263,4,142,24,Amherst College,Private,4,3,4,2,4,4,1,4,4,4,3,2,2,1,1,2,3,3,1
25_22_23,2022,0,1,33,85,2,31,255,51,1,49,0,2,115,253,6,121,1062,178,3,169,0,2,115,253,6,126,1063,178,3,169,25,Bowdoin College,Private,4,4,4,2,4,4,2,4,4,4,2,2,2,2,1,2,2,2,2
26_22_23,2022,0,1,404,1392,96,141,3314,948,6,310,0,20,1702,8105,591,758,17099,3771,14,1613,0,22,1739,8293,624,906,17487,3812,14,1655,26,University of Florida,Public,4,2,4,3,4,1,1,4,4,4,3,1,2,2,1,1,3,3,1
27_22_23,2022,0,3,48,58,16,59,128,75,0,46,0,7,146,231,51,227,512,286,1,158,0,7,146,234,51,227,514,287,1,158,27,Swarthmore College,Private,4,4,4,2,4,4,2,2,2,4,2,2,2,2,2,2,2,2,1
28_22_23,2022,0,6,259,600,73,603,861,763,14,241,0,29,1325,3588,381,2672,6136,5037,53,1284,0,29,1326,3590,434,2802,6138,5041,54,1285,28,University of Southern California,Private,4,1,4,4,4,4,1,3,3,3,2,2,1,1,1,2,2,2,1
29_22_23,2022,0,8,338,846,332,298,3418,1416,7,387,0,39,1330,2696,1568,2715,16595,5843,18,1644,0,40,1334,2705,1577,2866,16653,5857,18,1645,29,UMich - Ann Arbor,Public,4,1,4,3,3,3,1,2,2,3,3,1,2,2,1,1,2,2,2
31_22_23,2022,0,17,349,374,109,201,2440,726,2,217,0,62,1665,1913,487,1074,10934,2767,10,1019,0,62,1669,1918,497,1253,10990,2788,10,1023,31,UNC,Public,4,3,3,2,4,4,1,4,4,4,2,2,1,4,1,2,3,3,1
34_22_23,2022,0,4,326,303,227,216,1904,803,4,233,0,12,1197,1214,832,769,8914,3035,9,967,0,12,1259,1240,969,837,9133,3060,9,977,34,UVA,Public,4,4,4,2,3,3,1,3,3,4,2,2,2,4,1,2,2,2,1
38_22_23,2022,0,0,322,339,39,285,1270,1228,0,163,0,0,1366,1424,175,1766,6668,5202,5,773,0,0,1405,1456,228,1867,6876,5764,5,814,38,Georgia Tech,Public,4,1,4,2,3,2,1,3,2,4,2,1,3,4,1,2,2,2,1
39_22_23,2022,0,10,128,1720,102,611,603,2189,5,426,0,37,575,7596,392,3747,3749,10915,41,1609,0,37,575,7596,392,3747,3749,10915,41,1609,39,UC Irvine,Public,4,1,4,1,4,NA,1,4,4,3,2,1,2,2,1,1,4,4,1
40_22_23,2022,0,2,444,1066,128,1334,2924,1792,2,265,0,11,2012,4687,389,4749,13381,7562,11,1229,0,11,2041,4720,518,5343,13628,7608,11,1240,40,UIUC,Public,4,1,4,3,3,1,1,3,3,3,3,1,2,2,1,2,2,2,1
41_22_23,2022,0,7,725,536,351,188,2122,1621,4,267,0,32,3803,3112,1293,962,12559,6753,16,1452,0,33,3833,3131,1367,1117,12628,6772,16,1456,41,UMD,Public,4,3,4,2,3,3,1,2,3,2,3,1,2,3,1,2,2,2,1
44_22_23,2022,0,26,260,689,317,1041,2359,2129,19,575,0,101,1145,3050,873,4299,10927,8627,99,2457,0,104,1154,3072,5743,4483,11063,8680,100,2473,44,University of Washington,Public,4,1,4,1,4,1,1,3,3,2,3,1,1,2,1,1,3,3,1
46_22_23,2022,0,10,460,2688,165,362,2607,2461,6,350,0,43,1848,11481,520,1837,13597,9999,22,1633,0,43,1861,11538,521,1915,13732,10039,22,1638,46,UT Austin,Public,2,2,2,2,2,2,1,2,2,2,2,1,2,2,2,2,2,2,1
55_22_23,2022,0,1,89,156,26,65,995,194,1,115,0,6,398,619,201,283,4058,767,5,441,0,6,399,619,201,284,4072,768,5,443,55,William & Mary,Public,4,4,4,4,4,4,2,4,4,4,2,2,2,4,1,2,4,4,2
57_22_23,2022,0,2,34,1168,119,40,2542,760,11,435,0,21,146,4415,590,337,10771,2945,53,1635,0,21,146,4416,590,380,10776,2946,53,1635,57,"Cal Poly State, San Luis Obispo",Public,4,1,4,1,1,1,1,2,2,1,2,1,2,1,1,1,2,2,1
62_22_23,2022,0,3,340,425,88,51,4196,889,4,254,0,19,1906,2237,367,315,20694,3700,17,1284,0,19,1910,2244,367,367,20793,3711,17,1286,62,University of Georgia,Public,4,1,4,3,2,2,1,2,2,2,2,1,1,1,1,1,2,2,1
63_22_23,2022,0,7,232,725,163,760,5559,1375,4,528,0,28,936,2496,541,4243,22943,4842,19,1748,0,28,946,2505,546,4248,23047,4855,20,1754,63,Purdue University,Public,4,2,4,4,3,3,1,3,2,3,3,1,2,2,1,2,2,2,2
68_22_23,2022,0,21,333,484,44,119,3794,560,4,267,0,89,1475,2035,396,670,16957,2313,18,1155,0,93,1540,2086,583,784,17505,2442,19,1202,68,NC State,Public,4,4,4,3,2,2,1,2,2,2,2,2,2,2,1,2,2,2,2
70_22_23,2022,0,30,347,3272,61,108,6343,1834,5,490,0,123,1302,14419,187,581,31593,6446,22,2119,0,127,1333,14637,195,689,31836,6526,24,2145,70,Texas A&M,Public,4,4,4,4,3,2,1,4,4,2,3,1,3,3,1,1,3,3,2
74_22_23,2022,0,4,247,709,0,87,407,1079,6,48,0,26,1436,4160,0,1136,2768,5599,13,416,0,26,1448,4221,0,1184,2904,5675,15,423,74,"CUNY, Baruch College",Public,4,1,4,2,3,3,2,2,2,2,1,1,1,1,1,1,1,2,1
75_22_23,2022,0,27,562,482,80,346,3977,947,6,310,0,96,2420,1771,527,1801,18678,3797,18,1452,0,136,3065,2388,1697,1947,23552,4637,28,1798,75,"University of Minnesota, Twin Cities",Public,4,4,4,2,2,2,1,2,2,2,2,2,2,2,2,2,2,2,1
